INSERT INTO PUBLIC.CATEGORY(NAME, ID) VALUES
('boisson alcoolisées',1),
('boissons sans alcool',2),
('céréales de petit-déjeuner et biscuits',3),
('céréales et biscuits infantiles',4),
('chocolats et produits à base de chocolat',5),
('condiments',6),
('confitures et assimilés',7),
('eaux',8),
('épices',9),
('farines et pâtes à tarte',10),
('fruits',11),
('fruits à coque et graines oléagineuses',12),
('gâteaux et pâtisseries',13),
('herbes',14),
('huiles et graisses végétales',15),
('ingrédients divers',16),
('laits',17),
('laits et boissons infantiles',18),
('légumes',19),
('légumineuses',20),
('pains et viennoiseries',21),
('pâtes, riz et céréales',22),
('pizzas, tartes et crêpes salées',23),
('plats composés',24),
('poissons crus',25),
('poissons cuits',26),
('pommes de terre et autres tubercules',27),
('produits à base de poissons et produits de la mer',28),
('produits laitiers frais et assimilés',29),
('sauces',30),
('sorbets',31),
('sucres, miels et assimilés',32),
('viandes crues',33),
('viandes cuites',34)
;





INSERT INTO PUBLIC.ALIMENT(ID, CARB, CG, ENERGY, FIBRE, IG, LIPID, NAME, PROTEIN, SALT, SUGAR, FK_IDCATEGORY) VALUES
(HIBERNATE_SEQUENCE.nextval, 0.0,0.0,0,0.0,0,0.0,'Eau du robinet',0.0,0.0076,0.0,8),
(HIBERNATE_SEQUENCE.nextval,0.0,0.0,0,0.0,0,0.0,'Eau embouteillée de source',0.0,0.0,0.0,8),
(HIBERNATE_SEQUENCE.nextval, 0.0,0.0,0,0.0,0,0.0,'Eau minérale (aliment moyen)',0.0,0.0042,0.0,8),
(HIBERNATE_SEQUENCE.nextval, 0.0,0.0,0,0.0,0,0.0,'Eau minérale Abatilles. embouteillée. non gazeuse. faiblement minéralisée (Arcachon. 33)',0.0,0.023,0.0,8),
(HIBERNATE_SEQUENCE.nextval, 0.0,0.0,0,0.0,0,0.0,'Eau minérale Aix-les-Bains. embouteillée. non gazeuse. faiblement minéralisée (Aix-les-Bains. 73)',0.0,0.00035,0.0,8),
(HIBERNATE_SEQUENCE.nextval, 0.0,0.0,0,0.0,0,0.0,'Eau minérale Aizac. embouteillée. gazeuse. faiblement minéralisée (Aizac. 07)',0.0,0.00033,0.0,8),
(HIBERNATE_SEQUENCE.nextval, 0.0,0.0,0,0.0,0,0.0,'Eau minérale Amanda. embouteillée. non gazeuse. fortement minéralisée (St-Amand. 59)',0.0,0.01,0.0,8),
(HIBERNATE_SEQUENCE.nextval, 0.0,0.0,0,0.0,0,0.0,'Eau minérale Appollinaris. embouteillée. non gazeuse. fortement minéralisée (Allemagne)',0.0,0.017,0.0,8),
(HIBERNATE_SEQUENCE.nextval, 0.0,0.0,0,0.0,0,0.0,'Eau minérale Arcens. embouteillée. gazeuse. moyennement minéralisée (Arcens. 07)',0.0,0.004,0.0,8),
(HIBERNATE_SEQUENCE.nextval, 0.0,0.0,0,0.0,0,0.0,'Eau minérale Ardesy. embouteillée. gazeuse. fortement minéralisée (Ardes. 63)',0.0,0.064,0.0,8),
(HIBERNATE_SEQUENCE.nextval, 0.0,0.0,0,0.0,0,0.0,'Eau minérale Auvergne. embouteillée. gazeuse. fortement minéralisée (Cornillon. 38)',0.0,0.0016,0.0,8),
(HIBERNATE_SEQUENCE.nextval, 0.0,0.0,0,0.0,0,0.0,'Eau minérale Avra. embouteillée. non gazeuse. faiblement minéralisée (Grèce)',0.0,0.0013,0.0,8),
(HIBERNATE_SEQUENCE.nextval, 0.0,0.0,0,0.0,0,0.0,'Eau minérale Badoit. embouteillée. gazeuse. moyennement minéralisée (St-Galmier. 42)',0.0,0.0089,0.0,8),
(HIBERNATE_SEQUENCE.nextval, 0.0,0.0,0,0.0,0,0.0,'Eau minérale Beckerich. embouteillée. non gazeuse. faiblement minéralisée (Luxembourg)',0.0,0.00075,0.0,8),
(HIBERNATE_SEQUENCE.nextval, 0.0,0.0,0,0.0,0,0.0,'Eau minérale Biovive. embouteillée. non gazeuse. faiblement minéralisée (Dax. 40)',0.0,0.0028,0.0,8),
(HIBERNATE_SEQUENCE.nextval, 0.0,0.0,0,0.0,0,0.0,'Eau minérale Caramulo. embouteillée. non gazeuse. très faiblement minéralisée (Portugal)',0.0,0.00083,0.0,8),
(HIBERNATE_SEQUENCE.nextval, 0.0,0.0,0,0.0,0,0.0,'Eau minérale Carola. embouteillée. gazeuse ou non gazeuse. moyennement minéralisée (Ribeauville. 68)',0.0,0.0,0.0,8),
(HIBERNATE_SEQUENCE.nextval, 0.0,0.0,0,0.0,0,0.0,'Eau minérale Celtic. embouteillée. gazeuse ou non gazeuse. très faiblement minéralisée (Niederbronn. 67)',0.0,0.00028,0.0,8),
(HIBERNATE_SEQUENCE.nextval, 0.0,0.0,0,0.0,0,0.0,'Eau minérale Chambon. embouteillée. non gazeuse. faiblement minéralisée (Chambon. 45)',0.0,0.0027,0.0,8),
(HIBERNATE_SEQUENCE.nextval, 0.0,0.0,0,0.0,0,0.0,'Eau minérale Chantemerle. embouteillée. non gazeuse. faiblement minéralisée (Le Pestrin. 07)',0.0,0.00028,0.0,8),
(HIBERNATE_SEQUENCE.nextval, 0.0,0.0,0,0.0,0,0.0,'Eau minérale Chateauneuf. embouteillée. gazeuse. fortement minéralisée (Chateauneuf. 63)',0.0,0.038,0.0,8),
(HIBERNATE_SEQUENCE.nextval, 0.0,0.0,0,0.0,0,0.0,'Eau minérale Chateldon. embouteillée. gazeuse. fortement minéralisée (Chateldon. 63)',0.0,0.0012,0.0,8),
(HIBERNATE_SEQUENCE.nextval, 0.0,0.0,0,0.0,0,0.0,'Eau minérale Chaudfontaine. embouteillée. non gazeuse. faiblement minéralisée (Belgique)',0.0,0.0058,0.0,8),
(HIBERNATE_SEQUENCE.nextval, 0.0,0.0,0,0.0,0,0.0,'Eau minérale Christinen Brunnen. embouteillée. non gazeuse. moyennement minéralisée (Allemagne)',0.0,0.047,0.0,8),
(HIBERNATE_SEQUENCE.nextval, 0.0,0.0,0,0.0,0,0.0,'Eau minérale Cilaos. embouteillée. gazeuse. fortement minéralisée (Cilaos. 974)',0.0,0.0005,0.0,8),
(HIBERNATE_SEQUENCE.nextval, 0.0,0.0,0,0.0,0,0.0,'Eau minérale Clos de l Abbaye. embouteillée. non gazeuse. moyennement minéralisée (St-Amand. 59)',0.0,0.006,0.0,8),
(HIBERNATE_SEQUENCE.nextval, 0.0,0.0,0,0.0,0,0.0,'Eau minérale Contrex. embouteillée. non gazeuse. fortement minéralisée (Contrexéville. 88)',0.0,0.0013,0.0,8),
(HIBERNATE_SEQUENCE.nextval, 0.0,0.0,0,0.0,0,0.0,'Eau minérale Courmayeur. embouteillée. non gazeuse. fortement minéralisée (Italie)',0.0,0.00025,0.0,8),
(HIBERNATE_SEQUENCE.nextval, 0.0,0.0,0,0.0,0,0.0,'Eau minérale Dax. embouteillée. non gazeuse. moyennement minéralisée (Dax. 40)',0.0,0.024,0.0,8),
(HIBERNATE_SEQUENCE.nextval, 0.0,0.0,0,0.0,0,0.0,'Eau minérale Didier. embouteillée non gazeuse. fortement minéralisée (Martinique)',0.0,0.0041,0.0,8),
(HIBERNATE_SEQUENCE.nextval, 0.0,0.0,0,0.0,0,0.0,'Eau minérale Didier. embouteillée. gazeuse. fortement minéralisée (Martinique)',0.0,0.032,0.0,8),
(HIBERNATE_SEQUENCE.nextval, 0.0,0.0,0,0.0,0,0.0,'Eau minérale Eden (La Goa). embouteillée. non gazeuse. faiblement minéralisée (Suisse)',0.0,0.0,0.0,8),
(HIBERNATE_SEQUENCE.nextval, 0.0,0.0,0,0.0,0,0.0,'Eau minérale Evian. embouteillée. non gazeuse. faiblement minéralisée (Evian. 74)',0.0,0.0011,0.0,8),
(HIBERNATE_SEQUENCE.nextval, 0.0,0.0,0,0.0,0,0.0,'Eau minérale Hépar. embouteillée. non gazeuse. fortement minéralisée (Vittel. 88)',0.0,0.0031,0.0,8),
(HIBERNATE_SEQUENCE.nextval, 0.0,0.0,0,0.0,0,0.0,'Eau minérale Highland spring. embouteillée. non gazeuse. faiblement minéralisée (Écosse)',0.0,0.0013,0.0,8),
(HIBERNATE_SEQUENCE.nextval, 0.0,0.0,0,0.0,0,0.0,'Eau minérale Hydroxydase. embouteillée. gazeuse. fortement minéralisée (Le Breuil sur Couze. 63)',0.0,0.058,0.0,8),
(HIBERNATE_SEQUENCE.nextval, 0.0,0.0,0,0.0,0,0.0,'Eau minérale La Cairolle. embouteillée. non gazeuse. fortement minéralisée (Les Aires. 34)',0.0,0.0021,0.0,8),
(HIBERNATE_SEQUENCE.nextval, 0.0,0.0,0,0.0,0,0.0,'Eau minérale La Française. embouteillée. non gazeuse. fortement minéralisée (Propiac. 26)',0.0,0.16,0.0,8),
(HIBERNATE_SEQUENCE.nextval, 0.0,0.0,0,0.0,0,0.0,'Eau minérale Levissima. embouteillée. non gazeuse. faiblement minéralisée (Italie)',0.0,0.00005,0.0,8),
(HIBERNATE_SEQUENCE.nextval, 0.0,0.0,0,0.0,0,0.0,'Eau minérale Luchon. embouteillée. non gazeuse. faiblement minéralisée (Luchon. 31)',0.0,0.0002,0.0,8),
(HIBERNATE_SEQUENCE.nextval, 0.0,0.0,0,0.0,0,0.0,'Eau minérale Luso. embouteillée. non gazeuse. très faiblement minéralisée (Portugal)',0.0,0.0015,0.0,8),
(HIBERNATE_SEQUENCE.nextval, 0.0,0.0,0,0.0,0,0.0,'Eau minérale Mont-Blanc. embouteillée. non gazeuse. faiblement minéralisée (Italie)',0.0,0.0,0.0,8),
(HIBERNATE_SEQUENCE.nextval, 0.0,0.0,0,0.0,0,0.0,'Eau minérale Mont-Roucous. embouteillée. très faiblement minéralisée (Lacaune. 81)',0.0,0.0005,0.0,8),
(HIBERNATE_SEQUENCE.nextval, 0.0,0.0,0,0.0,0,0.0,'Eau minérale Montcalm. embouteillée. non gazeuse. très faiblement minéralisée (Auzat. 09)',0.0,0.000099,0.0,8),
(HIBERNATE_SEQUENCE.nextval, 0.0,0.0,0,0.0,0,0.0,'Eau minérale Montclar. embouteillée. non gazeuse. faiblement minéralisée (Montclar. 04)',0.0,0.0005,0.0,8),
(HIBERNATE_SEQUENCE.nextval, 0.0,0.0,0,0.0,0,0.0,'Eau minérale Néro. embouteillée. non gazeuse. faiblement minéralisée (Grèce)',0.0,0.01,0.0,8),
(HIBERNATE_SEQUENCE.nextval, 0.0,0.0,0,0.0,0,0.0,'Eau minérale Nessel. embouteillée. gazeuse. moyennement minéralisée (Soultzmatt. 68)',0.0,0.0068,0.0,8),
(HIBERNATE_SEQUENCE.nextval, 0.0,0.0,0,0.0,0,0.0,'Eau minérale Ogeu. embouteillée. gazeuse. faiblement minéralisée (Ogeu-les-Bains. 64)',0.0,0.0078,0.0,8),
(HIBERNATE_SEQUENCE.nextval, 0.0,0.0,0,0.0,0,0.0,'Eau minérale Ogeu. embouteillée. non gazeuse. faiblement minéralisée (Ogeu-les-Bains. 64)',0.0,0.0038,0.0,8),
(HIBERNATE_SEQUENCE.nextval, 0.0,0.0,0,0.0,0,0.0,'Eau minérale Orée du bois. embouteillée. non gazeuse. moyennement minéralisée (St-Amand. 59)',0.0,0.01,0.0,8),
(HIBERNATE_SEQUENCE.nextval, 0.0,0.0,0,0.0,0,0.0,'Eau minérale Orezza. embouteillée. gazeuse. moyennement minéralisée (Rapaggio. 20B)',0.0,0.0017,0.0,8),
(HIBERNATE_SEQUENCE.nextval, 0.0,0.0,0,0.0,0,0.0,'Eau minérale Parot. embouteillée. gazeuse. moyennement minéralisée (St-Romain-le-Puy. 42)',0.0,0.016,0.0,8),
(HIBERNATE_SEQUENCE.nextval, 0.0,0.0,0,0.0,0,0.0,'Eau minérale Penacova. embouteillée. non gazeuse. très faiblement minéralisée (Portugal)',0.0,0.0015,0.0,8),
(HIBERNATE_SEQUENCE.nextval, 0.0,0.0,0,0.0,0,0.0,'Eau minérale Perrier. embouteillée. gazeuse. faiblement minéralisée (Vergèse. 30)',0.0,0.0024,0.0,8),
(HIBERNATE_SEQUENCE.nextval, 0.0,0.0,0,0.0,0,0.0,'Eau minérale Plancoet. embouteillée. gazeuse ou non gazeuse. faiblement minéralisée (Plancoet. 22)',0.0,0.0059,0.0,8),
(HIBERNATE_SEQUENCE.nextval, 0.0,0.0,0,0.0,0,0.0,'Eau minérale Prince Noir. embouteillée. non gazeuse. fortement minéralisée (St-Antonin-Noble-Val. 82)',0.0,0.0015,0.0,8),
(HIBERNATE_SEQUENCE.nextval, 0.0,0.0,0,0.0,0,0.0,'Eau minérale Propiac. embouteillée. non gazeuse. fortement minéralisée (Propiac. 26)',0.0,0.17,0.0,8),
(HIBERNATE_SEQUENCE.nextval, 0.0,0.0,0,0.0,0,0.0,'Eau minérale Puits St-Georges. embouteillée. gazeuse. moyennement minéralisée (St-Romain-le-Puy. 42)',0.0,0.0063,0.0,8),
(HIBERNATE_SEQUENCE.nextval, 0.0,0.0,0,0.0,0,0.0,'Eau minérale Quézac. embouteillée. gazeuse. moyennement minéralisée (Quézac. 48)',0.0,0.003,0.0,8),
(HIBERNATE_SEQUENCE.nextval, 0.0,0.0,0,0.0,0,0.0,'Eau minérale Reine des basaltes. embouteillée. gazeuse. moyennement minéralisée (Asperjoc. 07)',0.0,0.0019,0.0,8),
(HIBERNATE_SEQUENCE.nextval, 0.0,0.0,0,0.0,0,0.0,'Eau minérale Rozana. embouteillée. gazeuse. fortement minéralisée (Beauregard. 63)',0.0,0.11,0.0,8),
(HIBERNATE_SEQUENCE.nextval, 0.0,0.0,0,0.0,0,0.0,'Eau minérale Sail-les-Bains. embouteillée. non gazeuse. faiblement minéralisée (Sail-les-Bains. 42)',0.0,0.0057,0.0,8),
(HIBERNATE_SEQUENCE.nextval, 0.0,0.0,0,0.0,0,0.0,'Eau minérale Salvetat. embouteillée. gazeuse. moyennement minéralisée (La Salvetat. 34)',0.0,0.00086,0.0,8),
(HIBERNATE_SEQUENCE.nextval, 0.0,0.0,0,0.0,0,0.0,'Eau minérale San Benedetto. embouteillée. faiblement minéralisée (Italie)',0.0,0.00033,0.0,8),
(HIBERNATE_SEQUENCE.nextval, 0.0,0.0,0,0.0,0,0.0,'Eau minérale San Bernardo. embouteillée. très faiblement minéralisée (Italie)',0.0,0.000083,0.0,8),
(HIBERNATE_SEQUENCE.nextval, 0.0,0.0,0,0.0,0,0.0,'Eau minérale San Pellegrino. embouteillée. gazeuse. moyennement minéralisée (Italie)',0.0,0.011,0.0,8),
(HIBERNATE_SEQUENCE.nextval, 0.0,0.0,0,0.0,0,0.0,'Eau minérale Soultzmatt . embouteillée. gazeuse. moyennement minéralisée ( Soultzmatt. 68)',0.0,0.0061,0.0,8),
(HIBERNATE_SEQUENCE.nextval, 0.0,0.0,0,0.0,0,0.0,'Eau minérale Spa-Reine. embouteillée. gazeuse ou non non gazeuse. moyennement minéralisée (Belgique)',0.0,0.00075,0.0,8),
(HIBERNATE_SEQUENCE.nextval, 0.0,0.0,0,0.0,0,0.0,'Eau minérale St-Alban. embouteillée. gazeuse. moyennement minéralisée (St-Alban. 42)',0.0,0.0033,0.0,8),
(HIBERNATE_SEQUENCE.nextval, 0.0,0.0,0,0.0,0,0.0,'Eau minérale St-Amand. embouteillée. gazeuse ou non gazeuse. moyennement minéralisée (St-Amand. 59)',0.0,0.0061,0.0,8),
(HIBERNATE_SEQUENCE.nextval, 0.0,0.0,0,0.0,0,0.0,'Eau minérale St-Antonin. embouteillée. non gazeuse. fortement minéralisée (St-Antonin-Noble-Val. 82)',0.0,0.0015,0.0,8),
(HIBERNATE_SEQUENCE.nextval, 0.0,0.0,0,0.0,0,0.0,'Eau minérale St-Diéry. embouteillée. gazeuse. fortement minéralisée (St-Diéry. 63)',0.0,0.019,0.0,8),
(HIBERNATE_SEQUENCE.nextval, 0.0,0.0,0,0.0,0,0.0,'Eau minérale St-Géron. embouteillée. gazeuse. moyennement minéralisée (St-Géron. 43)',0.0,0.0073,0.0,8),
(HIBERNATE_SEQUENCE.nextval, 0.0,0.0,0,0.0,0,0.0,'Eau minérale St-Michel-de-Mourcairol. embouteillée. gazeuse. moyennement minéralisée (Les Aires. 34)',0.0,0.0036,0.0,8),
(HIBERNATE_SEQUENCE.nextval, 0.0,0.0,0,0.0,0,0.0,'Eau minérale St-Yorre. embouteillée. gazeuse. fortement minéralisée (Saint-Yorre. 03)',0.0,0.053,0.0,8),
(HIBERNATE_SEQUENCE.nextval, 0.0,0.0,0,0.0,0,0.0,'Eau minérale Ste-Marguerite. embouteillée. gazeuse. moyennement minéralisée (St-Maurice. 63)',0.0,0.038,0.0,8),
(HIBERNATE_SEQUENCE.nextval, 0.0,0.0,0,0.0,0,0.0,'Eau minérale Talians. embouteillée. non gazeuse. fortement minéralisée (Italie)',0.0,0.0013,0.0,8),
(HIBERNATE_SEQUENCE.nextval, 0.0,0.0,0,0.0,0,0.0,'Eau minérale Thonon. embouteillée. non gazeuse. faiblement minéralisée (Thonon. 74)',0.0,0.0014,0.0,8),
(HIBERNATE_SEQUENCE.nextval, 0.0,0.0,0,0.0,0,0.0,'Eau minérale Treignac. embouteillée. non gazeuse. très faiblement minéralisée (Treignac. 19)',0.0,0.00053,0.0,8),
(HIBERNATE_SEQUENCE.nextval, 0.0,0.0,0,0.0,0,0.0,'Eau minérale Vals. embouteillée. gazeuse. moyennement minéralisée (Vals-les-Bains. 07)',0.0,0.0041,0.0,8),
(HIBERNATE_SEQUENCE.nextval, 0.0,0.0,0,0.0,0,0.0,'Eau minérale Valvert. embouteillée. non gazeuse. faiblement minéralisée (Belgique)',0.0,0.00049,0.0,8),
(HIBERNATE_SEQUENCE.nextval, 0.0,0.0,0,0.0,0,0.0,'Eau minérale Vauban. embouteillée. non gazeuse. moyennement minéralisée (St-Amand-les-Eaux. 59)',0.0,0.0096,0.0,8),
(HIBERNATE_SEQUENCE.nextval, 0.0,0.0,0,0.0,0,0.0,'Eau minérale Ventadour. embouteillée. gazeuse. faiblement minéralisée (Le Pestrin. 07)',0.0,0.00033,0.0,8),
(HIBERNATE_SEQUENCE.nextval, 0.0,0.0,0,0.0,0,0.0,'Eau minérale Vernet. embouteillée. gazeuse. faiblement minéralisée (Prades. 07)',0.0,0.00086,0.0,8),
(HIBERNATE_SEQUENCE.nextval, 0.0,0.0,0,0.0,0,0.0,'Eau minérale Vernière. embouteillée. gazeuse. moyennement minéralisée (Les Aires. 34)',0.0,0.0023,0.0,8),
(HIBERNATE_SEQUENCE.nextval, 0.0,0.0,0,0.0,0,0.0,'Eau minérale Vichy Célestins. embouteillée. gazeuse. fortement minéralisée (Saint-Yorre. 03)',0.0,0.039,0.0,8),
(HIBERNATE_SEQUENCE.nextval, 0.0,0.0,0,0.0,0,0.0,'Eau minérale Vittel. embouteillée. non gazeuse. moyennement minéralisée (Vittel. 88)',0.0,0.0013,0.0,8),
(HIBERNATE_SEQUENCE.nextval, 0.0,0.0,0,0.0,0,0.0,'Eau minérale Volvic active. embouteillée. gazeuse. faiblement minéralisée (Volvic. 63)',0.0,0.0019,0.0,8),
(HIBERNATE_SEQUENCE.nextval, 0.0,0.0,0,0.0,0,0.0,'Eau minérale Volvic. embouteillée. non gazeuse. faiblement minéralisée (Volvic. 63)',0.0,0.0025,0.0,8),
(HIBERNATE_SEQUENCE.nextval, 0.0,0.0,0,0.0,0,0.0,'Eau minérale Wattwiller. embouteillée. gazeuse ou non gazeuse. faiblement minéraliséee (Wattwiller. 68)',0.0,0.00075,0.0,8),
(HIBERNATE_SEQUENCE.nextval, 0.0,0.0,0,0.0,0,0.0,'Eau minérale. embouteillée. faiblement minéralisée (aliment moyen)',0.0,0.0019,0.0,8),
(HIBERNATE_SEQUENCE.nextval, 0.0,0.0,0,0.0,0,0.0,'Eau minérale. gazeuse (aliment moyen)',0.0,0.011,0.0,8),
(HIBERNATE_SEQUENCE.nextval, 0.0,0.0,0,0.0,0,0.0,'Eau minérale. plate (aliment moyen)',0.0,0.0019,0.0,8),
(HIBERNATE_SEQUENCE.nextval, 0.0,0.0,129,0.0,0,6.07,'Anchois commun. cru',18.6,0.18,0.0,25),
(HIBERNATE_SEQUENCE.nextval, 0.0,0.0,232,0.0,0,18.6,'Anguille. crue',16.1,0.16,0.0,25),
(HIBERNATE_SEQUENCE.nextval, 0.0,0.0,124,0.0,0,4.25,'Bar commun ou loup (Méditerranée). cru. élevage',21.4,0.12,0.0,25),
(HIBERNATE_SEQUENCE.nextval, 0.0,0.0,98,0.0,0,1.94,'Bar commun ou loup (Méditerranée). cru. sauvage',20.1,0.18,0.0,25),
(HIBERNATE_SEQUENCE.nextval, 0.0,0.0,83,0.0,0,0.7,'Bar commun ou loup. cru. sans précision',19.1,0.23,0.0,25),
(HIBERNATE_SEQUENCE.nextval, 0.0,0.0,90,0.0,0,2.03,'Bogue. crue',17.9,0.28,0.0,25),
(HIBERNATE_SEQUENCE.nextval, 0.0,0.0,161,0.0,0,8.01,'Bonite. crue',22.3,1.35,0.0,25),
(HIBERNATE_SEQUENCE.nextval, 0.0,0.0,104,0.0,0,4.0,'Brème. cru',16.9,0.11,0.0,25),
(HIBERNATE_SEQUENCE.nextval, 0.0,0.0,84,0.0,0,0.94,'Brochet. cru',18.8,0.13,0.0,25),
(HIBERNATE_SEQUENCE.nextval, 0.0,0.0,78,0.2,0,0.57,'Cabillaud. cru',18.1,0.23,0.0,25),
(HIBERNATE_SEQUENCE.nextval, 0.0,0.0,90,0.0,0,1.71,'Capelan. cru',18.7,0.27,0.0,25),
(HIBERNATE_SEQUENCE.nextval, 0.0,0.0,104,0.0,0,2.7,'Carangue. cru',19.9,0.22,0.0,25),
(HIBERNATE_SEQUENCE.nextval, 0.0,0.0,93,0.0,0,1.53,'Cardine franche. crue',19.9,0.0,0.0,25),
(HIBERNATE_SEQUENCE.nextval, 0.0,0.0,114,0.0,0,4.76,'Carpe. crue. élevage',17.7,0.077,0.0,25),
(HIBERNATE_SEQUENCE.nextval, 0.0,0.0,81,0.0,0,0.94,'Carrelet ou plie. cru',18.1,0.23,0.0,25),
(HIBERNATE_SEQUENCE.nextval, 0.0,0.0,147,0.0,0,7.66,'Chinchard gras. cru',19.6,0.14,0.0,25),
(HIBERNATE_SEQUENCE.nextval, 0.0,0.0,97,0.0,0,2.42,'Chinchard maigre. cru',18.7,0.16,0.0,25),
(HIBERNATE_SEQUENCE.nextval, 0.0,0.0,116,0.0,0,4.42,'Chinchard. cru',19.0,0.0,0.0,25),
(HIBERNATE_SEQUENCE.nextval, 0.0,0.0,115,0.0,0,4.6,'Congre. cru',18.3,0.13,0.0,25),
(HIBERNATE_SEQUENCE.nextval, 0.0,0.0,87,0.0,0,0.8,'Corb. cru',20.0,0.0,0.0,25),
(HIBERNATE_SEQUENCE.nextval, 0.0,0.0,115,0.0,0,3.0,'Corégone lavaret. cru',21.9,0.12,0.0,25),
(HIBERNATE_SEQUENCE.nextval, 0.0,0.0,71,0.0,0,0.1,'Coulirou. cru',17.5,0.15,0.0,25),
(HIBERNATE_SEQUENCE.nextval, 0.0,0.0,99,0.0,0,3.5,'Denté. cru',17.0,0.19,0.0,25),
(HIBERNATE_SEQUENCE.nextval, 0.0,0.0,130,1.0,0,5.27,'Dorade grise. ou daurade grise. ou griset. crue',20.5,0.15,0.0,25),
(HIBERNATE_SEQUENCE.nextval, 0.0,0.0,102,0.0,0,2.0,'Dorade rose. ou daurade rose. crue',21.0,0.0,0.0,25),
(HIBERNATE_SEQUENCE.nextval, 0.0,0.0,129,0.0,0,5.1,'Dorade royale ou daurade ou vraie daurade. crue. élevage',20.9,0.13,0.0,25),
(HIBERNATE_SEQUENCE.nextval, 0.0,0.0,93,0.0,0,2.31,'Dorade royale. ou daurade ou vraie daurade. crue. sauvage',18.1,0.12,0.0,25),
(HIBERNATE_SEQUENCE.nextval, 0.0,0.0,72,0.0,0,0.35,'Églefin. cru',17.3,0.16,0.0,25),
(HIBERNATE_SEQUENCE.nextval, 0.0,0.0,74,0.0,0,1.5,'Empereur. filet. sans peau. cru',15.0,0.21,0.0,25),
(HIBERNATE_SEQUENCE.nextval, 0.0,0.0,85,0.0,0,1.7,'Éperlan. cru',17.5,0.39,0.0,25),
(HIBERNATE_SEQUENCE.nextval, 0.0,0.0,130,0.0,0,5.97,'Espadon. cru',18.9,0.28,0.0,25),
(HIBERNATE_SEQUENCE.nextval, 0.0,0.0,123,0.0,0,5.84,'Esturgeon. cru',17.7,0.12,0.0,25),
(HIBERNATE_SEQUENCE.nextval, 0.0,0.0,97,0.0,0,1.31,'Flétan de l Atlantique ou flétan blanc. cru',21.2,0.15,0.0,25),
(HIBERNATE_SEQUENCE.nextval, 0.0,0.0,168,0.0,0,12.7,'Flétan du Groënland ou flétan noir ou flétan commun. cru',13.5,0.43,0.0,25),
(HIBERNATE_SEQUENCE.nextval, 0.0,0.0,619,0.0,0,66.6,'Foie de morue. cru',5.0,1.47,0.0,25),
(HIBERNATE_SEQUENCE.nextval, 0.0,0.0,90,0.0,0,1.73,'Grand sébaste. ou dorade sébaste. ou daurade sébaste. cru',18.6,0.34,0.0,25),
(HIBERNATE_SEQUENCE.nextval, 0.0,0.0,69,0.0,0,0.81,'Grenadier (de roche). cru',15.4,0.24,0.0,25),
(HIBERNATE_SEQUENCE.nextval, 0.0,0.0,76,0.0,0,1.46,'Grenadier bleu ou hoki de Nouvelle-Zélande. cru',15.6,0.14,0.0,25),
(HIBERNATE_SEQUENCE.nextval, 0.0,0.0,97,0.0,0,1.79,'Grondin perlon. cru',20.3,0.14,0.0,25),
(HIBERNATE_SEQUENCE.nextval, 0.0,0.0,94,0.0,0,2.0,'Grondin. cru',19.0,0.0,0.0,25),
(HIBERNATE_SEQUENCE.nextval, 0.0,0.0,92,0.0,0,2.36,'Hoki. tout lieu de pêche. cru',17.8,0.18,0.0,25),
(HIBERNATE_SEQUENCE.nextval, 0.0,0.0,89,0.0,0,2.1,'Joëls (petits poissons entiers) pour friture. crus',17.5,0.27,0.0,25),
(HIBERNATE_SEQUENCE.nextval, 0.0,0.0,81,0.0,0,0.44,'Julienne ou Lingue. crue',19.2,0.26,0.0,25),
(HIBERNATE_SEQUENCE.nextval, 0.0,0.0,113,0.0,0,4.08,'Lavaret. cru',19.1,0.13,0.0,25),
(HIBERNATE_SEQUENCE.nextval, 0.0,0.0,76,0.0,0,0.51,'Lieu jaune ou colin. cru',17.7,0.29,0.0,25),
(HIBERNATE_SEQUENCE.nextval, 0.0,0.0,83,0.0,0,0.8,'Lieu noir. cru',18.8,0.2,0.0,25),
(HIBERNATE_SEQUENCE.nextval, 0.0,0.0,82,0.0,0,0.37,'Lieu noir. surgelé. cru',19.8,0.2,0.0,25),
(HIBERNATE_SEQUENCE.nextval, 0.0,0.0,71,0.17,0,0.61,'Lieu ou colin d Alaska. cru',16.3,0.48,0.0,25),
(HIBERNATE_SEQUENCE.nextval, 0.0,0.0,81,0.0,0,1.4,'Limande-sole. crue',17.0,0.24,0.0,25),
(HIBERNATE_SEQUENCE.nextval, 0.0,0.0,81,0.0,0,0.85,'Limande. crue',18.3,0.28,0.0,25),
(HIBERNATE_SEQUENCE.nextval, 0.0,0.0,80,0.0,0,0.44,'Lingue bleue ou Lingue. crue',18.9,0.23,0.0,25),
(HIBERNATE_SEQUENCE.nextval, 0.0,0.0,168,0.0,0,14.2,'Lompe. crue',10.0,0.17,0.0,25),
(HIBERNATE_SEQUENCE.nextval, 0.0,0.0,77,0.0,0,0.66,'Lotte de rivière. crue',17.8,0.22,0.0,25),
(HIBERNATE_SEQUENCE.nextval, 0.0,0.0,67,0.2,0,0.74,'Lotte ou baudroie. crue',15.1,0.19,0.0,25),
(HIBERNATE_SEQUENCE.nextval, 0.0,0.0,108,0.0,0,4.8,'Loup tacheté. cru',16.3,0.26,0.0,25),
(HIBERNATE_SEQUENCE.nextval, 0.0,0.0,135,0.0,0,5.15,'Maquereau espagnol ou maquereau blanc ou billard. cru',22.1,0.15,0.0,25),
(HIBERNATE_SEQUENCE.nextval, 0.0,0.0,194,0.0,0,13.5,'Maquereau. cru',18.1,0.16,0.0,25),
(HIBERNATE_SEQUENCE.nextval, 0.0,0.0,79,0.0,0,0.47,'Merlan. cru',18.8,0.16,0.0,25),
(HIBERNATE_SEQUENCE.nextval, 0.0,0.0,78,0.0,0,1.52,'Merlu blanc du Cap. surgelé. cru',16.1,0.28,0.0,25),
(HIBERNATE_SEQUENCE.nextval, 0.0,0.0,83,0.0,0,1.35,'Merlu. cru',17.6,0.22,0.0,25),
(HIBERNATE_SEQUENCE.nextval, 0.0,0.0,82,0.0,0,2.4,'Merlu. filet. surgelé. cru',15.1,0.53,0.0,25),
(HIBERNATE_SEQUENCE.nextval, 0.0,0.0,82,0.0,0,0.86,'Mérou. cru',18.6,0.13,0.0,25),
(HIBERNATE_SEQUENCE.nextval, 0.0,0.0,206,0.0,0,1.67,'Morue. salée. sèche',47.6,12.3,0.0,25),
(HIBERNATE_SEQUENCE.nextval, 0.0,0.0,113,0.0,0,3.62,'Mulet. cru',20.1,0.18,0.0,25),
(HIBERNATE_SEQUENCE.nextval, 0.0,0.0,103,0.0,0,2.7,'Omble chevalier. cru',19.8,0.14,0.0,25),
(HIBERNATE_SEQUENCE.nextval, 0.0,0.0,133,0.0,0,5.91,'Orphie commune. crue',20.0,0.21,0.0,25),
(HIBERNATE_SEQUENCE.nextval, 0.0,0.0,65,0.0,0,1.27,'Pangasius ou Poisson-chat. cru',13.5,0.68,0.0,25),
(HIBERNATE_SEQUENCE.nextval, 0.0,0.0,82,0.0,0,0.68,'Perche du Nil. crue',19.1,0.14,0.0,25),
(HIBERNATE_SEQUENCE.nextval, 0.0,0.0,82,0.0,0,1.19,'Perche. crue',17.9,0.14,0.0,25),
(HIBERNATE_SEQUENCE.nextval, 0.0,0.0,90,0.0,0,0.47,'Raie. crue',21.4,0.35,0.0,25),
(HIBERNATE_SEQUENCE.nextval, 0.0,0.0,88,0.0,0,1.33,'Rascasse. crue',18.9,0.0,0.0,25),
(HIBERNATE_SEQUENCE.nextval, 0.0,0.0,109,0.0,0,2.91,'Requin. cru',20.8,0.2,0.0,25),
(HIBERNATE_SEQUENCE.nextval, 0.0,0.0,158,0.0,0,9.37,'Rouget-barbet de roche. cru',18.4,0.17,0.0,25),
(HIBERNATE_SEQUENCE.nextval, 0.0,0.0,143,0.0,0,5.2,'Rouget-barbet de roche. vapeur',24.1,0.24,0.0,25),
(HIBERNATE_SEQUENCE.nextval, 0.0,0.0,97,0.0,0,3.5,'Rouget-barbet. filet avec peau. surgelé. cru (Thaïlande. Sénégal…)',16.3,0.2,0.0,25),
(HIBERNATE_SEQUENCE.nextval, 0.0,0.0,98,0.0,0,0.5,'Roussette ou petite roussette ou saumonette. crue',23.3,0.31,0.0,25),
(HIBERNATE_SEQUENCE.nextval, 0.0,0.0,125,0.0,0,5.9,'Sabre. cru',18.0,0.28,0.0,25),
(HIBERNATE_SEQUENCE.nextval, 0.0,0.0,83,0.0,0,1.08,'Sandre. cru',18.3,0.12,0.0,25),
(HIBERNATE_SEQUENCE.nextval, 0.0,0.0,163,0.0,0,9.48,'Sardine. crue',19.5,0.22,0.0,25),
(HIBERNATE_SEQUENCE.nextval, 0.0,0.0,194,0.25,0,12.4,'Saumon. cru. élevage',20.5,0.16,0.0,25),
(HIBERNATE_SEQUENCE.nextval, 0.0,0.0,166,0.0,0,9.17,'Saumon. cru. sauvage',21.0,0.12,0.0,25),
(HIBERNATE_SEQUENCE.nextval, 0.0,0.0,95,0.0,0,2.5,'Saupe. crue',18.0,0.0,0.0,25),
(HIBERNATE_SEQUENCE.nextval, 0.0,0.0,90,0.0,0,1.6,'Sébaste du nord. ou dorade sébaste. ou daurade sébaste. crue',18.8,0.18,0.0,25),
(HIBERNATE_SEQUENCE.nextval, 0.0,0.0,68,0.0,0,0.58,'Sole tropicale ou Sole langue. crue',15.7,0.35,0.0,25),
(HIBERNATE_SEQUENCE.nextval, 0.0,0.0,77,0.0,0,0.6,'Sole. crue',18.0,0.19,0.0,25),
(HIBERNATE_SEQUENCE.nextval, 0.0,0.0,186,0.0,0,11.9,'Sprat. cru',19.8,0.0,0.0,25),
(HIBERNATE_SEQUENCE.nextval, 0.0,0.0,82,0.0,0,0.33,'Tacaud. cru',19.7,0.2,0.0,25),
(HIBERNATE_SEQUENCE.nextval, 0.0,0.0,108,0.0,0,0.94,'Thon albacore ou thon jaune. cru',25.0,0.11,0.0,25),
(HIBERNATE_SEQUENCE.nextval, 0.0,0.0,121,0.0,0,1.37,'Thon germon ou thon blanc. cru',27.2,0.29,0.0,25),
(HIBERNATE_SEQUENCE.nextval, 0.0,0.0,97,0.0,0,1.01,'Thon listao ou Bonite à ventre rayé. cru',22.0,0.093,0.0,25),
(HIBERNATE_SEQUENCE.nextval, 0.0,0.0,155,0.0,0,6.81,'Thon rouge. cru',23.3,0.098,0.0,25),
(HIBERNATE_SEQUENCE.nextval, 0.0,0.0,144,0.0,0,5.38,'Thon. cru',24.0,0.12,0.0,25),
(HIBERNATE_SEQUENCE.nextval, 0.0,0.0,92,0.0,0,2.13,'Tilapia. cru',18.1,0.071,0.0,25),
(HIBERNATE_SEQUENCE.nextval, 0.0,0.0,132,0.0,0,6.24,'Truite arc en ciel. crue. élevage',19.0,0.11,0.0,25),
(HIBERNATE_SEQUENCE.nextval, 0.0,0.0,133,0.0,0,6.22,'Truite d élevage. crue',19.3,0.1,0.0,25),
(HIBERNATE_SEQUENCE.nextval, 0.0,0.0,111,0.0,0,3.63,'Truite de mer. crue',19.6,0.14,0.0,25),
(HIBERNATE_SEQUENCE.nextval, 0.0,0.0,143,0.0,0,7.4,'Truite saumonée. crue',19.2,0.2,0.0,25),
(HIBERNATE_SEQUENCE.nextval, 0.0,0.0,109,0.0,0,3.94,'Turbot d élevage. cru',18.3,0.19,0.0,25),
(HIBERNATE_SEQUENCE.nextval, 0.0,0.0,92,0.0,0,2.54,'Turbot sauvage. cru',17.2,0.24,0.0,25),
(HIBERNATE_SEQUENCE.nextval, 0.0,0.0,86,0.0,0,1.55,'Turbot. cru',17.9,0.23,0.0,25),
(HIBERNATE_SEQUENCE.nextval, 0.0,0.0,94,0.0,0,1.34,'Vivaneau. cru',20.5,0.16,0.0,25),
(HIBERNATE_SEQUENCE.nextval, 0.0,0.0,197,0.0,0,12.7,'Anguille. bouillie/cuite à l eau',20.5,0.0,0.0,26),
(HIBERNATE_SEQUENCE.nextval, 0.0,0.0,213,0.0,0,13.8,'Anguille. cuite (aliment moyen)',22.1,0.0,0.0,26),
(HIBERNATE_SEQUENCE.nextval, 0.0,0.0,229,0.0,0,15.0,'Anguille. rôtie/cuite au four',23.6,0.16,0.0,26),
(HIBERNATE_SEQUENCE.nextval, 0.0,0.0,100,0.0,0,0.88,'Brochet. rôti/cuit au four',23.1,0.12,0.0,26),
(HIBERNATE_SEQUENCE.nextval, 0.0,0.0,106,0.0,0,0.95,'Cabillaud. cuit à la vapeur',24.5,0.16,0.0,26),
(HIBERNATE_SEQUENCE.nextval, 0.0,0.0,99,0.0,0,0.73,'Cabillaud. cuit. sans précision (aliment moyen)',23.1,0.2,0.0,26),
(HIBERNATE_SEQUENCE.nextval, 0.0,0.0,95,0.0,0,0.6,'Cabillaud. rôti/cuit au four',22.3,0.23,0.0,26),
(HIBERNATE_SEQUENCE.nextval, 0.0,0.0,151,0.0,0,7.17,'Carpe. rôtie/cuite au four',21.6,0.16,0.0,26),
(HIBERNATE_SEQUENCE.nextval, 0.0,0.0,93,0.0,0,1.89,'Carrelet ou plie. cuit à la vapeur',19.0,0.0,0.0,26),
(HIBERNATE_SEQUENCE.nextval, 0.0,0.0,121,0.0,0,3.3,'Dorade grise. ou daurade grise. ou griset. rôtie/cuite au four',22.9,0.0,0.0,26),
(HIBERNATE_SEQUENCE.nextval, 0.0,0.0,89,0.0,0,0.6,'Églefin. cuit à la vapeur',20.9,0.18,0.0,26),
(HIBERNATE_SEQUENCE.nextval, 0.0,0.0,85,0.0,0,0.55,'Églefin. grillé/poêlé',20.0,0.65,0.0,26),
(HIBERNATE_SEQUENCE.nextval, 0.0,0.0,266,0.0,0,16.9,'Espadon. rôti/cuit au four',28.7,0.18,0.0,26),
(HIBERNATE_SEQUENCE.nextval, 0.0,0.0,173,0.0,0,11.6,'Flétan du Groënland ou flétan noir ou flétan commun. cuit à la vapeur',17.3,0.36,0.0,26),
(HIBERNATE_SEQUENCE.nextval, 0.0,0.0,100,0.0,0,0.73,'Haddock (fumé) ou églefin fumé',23.5,1.91,0.0,26),
(HIBERNATE_SEQUENCE.nextval, 2.0,0.0,168,0.0,0,11.0,'Hareng fumé. à l huile',15.1,4.08,0.0,26),
(HIBERNATE_SEQUENCE.nextval, 0.0,0.0,189,0.0,0,11.4,'Hareng. grillé/poêlé',21.6,0.34,0.0,26),
(HIBERNATE_SEQUENCE.nextval, 0.0,0.0,105,0.0,0,0.82,'Julienne ou Lingue. cuite',24.5,0.21,0.0,26),
(HIBERNATE_SEQUENCE.nextval, 0.0,0.0,100,0.0,0,0.81,'Lieu noir. cuit',23.1,0.25,0.0,26),
(HIBERNATE_SEQUENCE.nextval, 0.0,0.0,81,0.0,0,0.9,'Lieu ou colin d Alaska. fumé',18.3,0.0,0.0,26),
(HIBERNATE_SEQUENCE.nextval, 0.0,0.0,90,0.0,0,2.27,'Limande-sole. cuite à la vapeur',17.4,0.3,0.0,26),
(HIBERNATE_SEQUENCE.nextval, 0.0,0.0,98,0.0,0,0.68,'Lotte ou baudroie. grillée/poêlée',23.0,0.061,0.0,26),
(HIBERNATE_SEQUENCE.nextval, 0.0,0.0,186,0.0,0,10.2,'Maquereau. frit',23.6,0.21,0.0,26),
(HIBERNATE_SEQUENCE.nextval, 0.0,0.0,298,0.0,0,24.3,'Maquereau. fumé',19.8,0.96,0.0,26),
(HIBERNATE_SEQUENCE.nextval, 0.0,0.0,228,0.0,0,15.8,'Maquereau. rôti/cuit au four',21.5,0.21,0.0,26),
(HIBERNATE_SEQUENCE.nextval, 0.0,0.0,98,0.0,0,0.7,'Merlan. cuit à la vapeur',23.0,0.28,0.0,26),
(HIBERNATE_SEQUENCE.nextval, 0.0,0.0,125,0.0,0,3.61,'Merlan. frit',23.1,0.43,0.0,26),
(HIBERNATE_SEQUENCE.nextval, 0.0,0.0,112,0.0,0,3.0,'Merlu. cuit à l étouffée',21.2,0.25,0.0,26),
(HIBERNATE_SEQUENCE.nextval, 0.0,0.0,113,0.0,0,1.01,'Morue. salée. bouillie/cuite à l eau',26.0,5.8,0.0,26),
(HIBERNATE_SEQUENCE.nextval, 0.0,0.0,143,0.0,0,4.86,'Mulet. rôti/cuit au four',24.8,0.18,0.0,26),
(HIBERNATE_SEQUENCE.nextval, 0.0,0.0,79,0.0,0,1.0,'Panga. Pangasius. ou poisson-chat du Mékong. filet. cuit',17.5,0.58,0.0,26),
(HIBERNATE_SEQUENCE.nextval, 0.0,0.0,119,0.0,0,3.42,'Perche. rôtie/cuite au four',22.1,0.096,0.0,26),
(HIBERNATE_SEQUENCE.nextval, 0.0,0.0,98,0.0,0,0.57,'Raie. cuite au court-bouillon',23.2,0.4,0.0,26),
(HIBERNATE_SEQUENCE.nextval, 0.0,0.0,96,0.0,0,0.5,'Raie. rôtie/cuite au four',23.0,0.38,0.0,26),
(HIBERNATE_SEQUENCE.nextval, 0.0,0.0,126,0.0,0,3.1,'Rascasse. cuite à la vapeur',24.6,0.22,0.0,26),
(HIBERNATE_SEQUENCE.nextval, 0.0,0.0,256,0.0,0,17.2,'Roussette ou petite roussette ou saumonette. cuite',25.4,0.2,0.0,26),
(HIBERNATE_SEQUENCE.nextval, 0.0,0.0,194,0.0,0,10.4,'Sardine. grillée',25.1,0.35,0.0,26),
(HIBERNATE_SEQUENCE.nextval, 0.91,0.0,178,0.25,0,9.49,'Saumon fumé',22.0,3.51,0.0,26),
(HIBERNATE_SEQUENCE.nextval, 0.0,0.0,193,0.0,0,10.3,'Saumon. bouilli/cuit à l eau. élevage',25.0,0.084,0.0,26),
(HIBERNATE_SEQUENCE.nextval, 0.0,0.0,195,0.0,0,11.5,'Saumon. cuit à la vapeur',23.0,0.13,0.0,26),
(HIBERNATE_SEQUENCE.nextval, 0.0,0.0,200,0.0,0,11.4,'Saumon. cuit au micro-ondes. élevage',24.2,0.098,0.0,26),
(HIBERNATE_SEQUENCE.nextval, 0.0,0.0,205,0.0,0,12.5,'Saumon. cuit. sans précision (aliment moyen)',23.0,0.13,0.0,26),
(HIBERNATE_SEQUENCE.nextval, 0.0,0.0,210,0.0,0,13.5,'Saumon. élevage. rôti/cuit au four',22.1,0.15,0.0,26),
(HIBERNATE_SEQUENCE.nextval, 0.0,0.0,223,0.0,0,13.5,'Saumon. grillé/poêlé',25.5,0.11,0.0,26),
(HIBERNATE_SEQUENCE.nextval, 0.0,0.0,69,0.0,0,1.0,'Sole. bouillie/cuite à l eau',15.0,0.21,0.0,26),
(HIBERNATE_SEQUENCE.nextval, 0.0,0.0,95,0.0,0,1.48,'Sole. cuite à la vapeur',20.3,0.41,0.0,26),
(HIBERNATE_SEQUENCE.nextval, 0.0,0.0,72,0.0,0,1.0,'Sole. frite',15.8,0.36,0.0,26),
(HIBERNATE_SEQUENCE.nextval, 0.0,0.0,97,0.0,0,0.5,'Sole. poêlée',23.6,0.37,0.0,26),
(HIBERNATE_SEQUENCE.nextval, 0.0,0.0,78,0.0,0,1.69,'Sole. rôtie/cuite au four',15.7,0.29,0.0,26),
(HIBERNATE_SEQUENCE.nextval, 0.0,0.0,136,0.0,0,1.83,'Thon. rôti/cuit au four',29.9,0.14,0.0,26),
(HIBERNATE_SEQUENCE.nextval, 0.0,0.0,117,0.0,0,4.14,'Truite arc en ciel. élevage. cuite à la vapeur',20.0,0.0,0.0,26),
(HIBERNATE_SEQUENCE.nextval, 0.0,0.0,143,0.0,0,6.33,'Truite arc en ciel. élevage. rôtie/cuite au four',21.5,0.13,0.0,26),
(HIBERNATE_SEQUENCE.nextval, 0.69,0.0,180,0.0,0,9.27,'Truite d élevage. fumée',23.4,3.18,0.0,26),
(HIBERNATE_SEQUENCE.nextval, 0.0,0.0,99,0.0,0,2.6,'Truite. cuite à la vapeur',19.0,0.0,0.0,26),
(HIBERNATE_SEQUENCE.nextval, 0.0,0.0,183,0.0,0,8.47,'Truite. rôtie/cuite au four',26.6,0.17,0.0,26),
(HIBERNATE_SEQUENCE.nextval, 0.0,0.0,118,0.0,0,3.64,'Turbot. rôti/cuit au four',21.3,0.25,0.0,26),
(HIBERNATE_SEQUENCE.nextval, 0.0,0.0,121,0.0,0,1.72,'Vivaneau. cuit',26.3,0.14,0.0,26),
(HIBERNATE_SEQUENCE.nextval, 0.62,0.031,23,0.0,5,0.1,'Vinaigre',0.04,0.033,0.04,6),
(HIBERNATE_SEQUENCE.nextval, 37.6,1.88,340,26.0,5,9.9,'Epice (aliment moyen)',12.1,0.049,2.31,9),
(HIBERNATE_SEQUENCE.nextval, 0.0,0.0,195,0.0,5,13.7,'Agneau. collier. cru',18.0,0.2,0.0,33),
(HIBERNATE_SEQUENCE.nextval, 2.3,0.115,242,0.0,5,18.0,'Agneau. côte filet. crue',17.6,0.18,0.0,33),
(HIBERNATE_SEQUENCE.nextval, 0.77,0.0385,295,0.0,5,25.2,'Agneau. côte ou côtelette. crue (aliment moyen)',16.3,0.18,0.0,33),
(HIBERNATE_SEQUENCE.nextval, 0.0,0.0,276,0.0,5,23.1,'Agneau. côte première. crue',16.9,0.2,0.0,33),
(HIBERNATE_SEQUENCE.nextval, 0.0,0.0,368,0.0,5,34.5,'Agneau. côtelette. crue',14.4,0.17,0.0,33),
(HIBERNATE_SEQUENCE.nextval, 0.2,0.01,204,0.0,5,14.1,'Agneau. épaule. crue',19.0,0.17,0.0,33),
(HIBERNATE_SEQUENCE.nextval, 0.0,0.0,139,0.0,5,6.76,'Agneau. épaule. maigre. crue',19.6,0.18,0.0,33),
(HIBERNATE_SEQUENCE.nextval, 0.48,0.024,128,0.0,5,5.13,'Agneau. gigot. cru',20.0,0.12,0.0,33),
(HIBERNATE_SEQUENCE.nextval, 0.0,0.0,236,0.0,5,18.4,'Agneau. selle. crue',17.5,0.14,0.0,33),
(HIBERNATE_SEQUENCE.nextval, 0.16,0.008,137,0.0,5,5.45,'Foie. agneau. cru',21.8,0.14,0.16,33),
(HIBERNATE_SEQUENCE.nextval, 3.54,0.177,131,0.0,5,4.62,'Foie. canard. cru',18.7,0.27,0.0,33),
(HIBERNATE_SEQUENCE.nextval, 0.0,0.0,123,0.0,5,5.5,'Foie. dinde. cru',18.3,0.33,0.0,33),
(HIBERNATE_SEQUENCE.nextval, 3.33,0.1665,136,0.0,5,4.3,'Foie. génisse. cru',21.0,0.15,0.0,33),
(HIBERNATE_SEQUENCE.nextval, 5.39,0.2695,134,0.0,5,4.0,'Foie. lapin. cru',19.0,0.17,3.75,33),
(HIBERNATE_SEQUENCE.nextval, 6.34,0.317,129,0.0,5,4.29,'Foie. oie. cru',16.3,0.27,0.0,33),
(HIBERNATE_SEQUENCE.nextval, 0.98,0.049,124,0.0,5,4.2,'Foie. porc. cru',20.6,0.34,0.98,33),
(HIBERNATE_SEQUENCE.nextval, 0.78,0.039,120,0.0,5,4.62,'Foie. poulet. cru',18.8,0.17,0.0,33),
(HIBERNATE_SEQUENCE.nextval, 5.64,0.282,120,0.0,5,3.4,'Foie. veau. cru',15.5,0.16,0.0,33),
(HIBERNATE_SEQUENCE.nextval, 1.13,0.0565,133,0.0,5,4.88,'Foie. volaille. cru',21.3,0.21,0.0,33),
(HIBERNATE_SEQUENCE.nextval, 0.0,0.0,159,0.0,5,8.7,'Autruche. viande crue',20.2,0.18,0.0,33),
(HIBERNATE_SEQUENCE.nextval, 0.0,0.0,164,0.0,5,7.5,'Boeuf. à bourguignon ou pot-au-feu. cru',24.0,0.1,0.0,33),
(HIBERNATE_SEQUENCE.nextval, 0.0,0.0,133,0.0,5,5.67,'Boeuf. bavette d aloyau. crue',20.4,0.085,0.0,33),
(HIBERNATE_SEQUENCE.nextval, 0.0,0.0,118,0.0,5,3.36,'Boeuf. boule de macreuse. crue',21.8,0.097,0.0,33),
(HIBERNATE_SEQUENCE.nextval, 0.0,0.0,147,0.0,5,7.28,'Boeuf. côte. crue',20.5,0.12,0.0,33),
(HIBERNATE_SEQUENCE.nextval, 0.0,0.0,231,0.0,5,17.1,'Boeuf. entrecôte. crue',19.4,0.075,0.0,33),
(HIBERNATE_SEQUENCE.nextval, 0.0,0.0,168,0.0,5,9.64,'Boeuf. épaule. crue',20.4,0.17,0.0,33),
(HIBERNATE_SEQUENCE.nextval, 0.6,0.03,152,0.0,5,6.74,'Boeuf. faux-filet. cru',22.3,0.082,0.0,33),
(HIBERNATE_SEQUENCE.nextval, 0.0,0.0,121,0.0,5,2.8,'Boeuf. faux-filet. label rouge. cru',24.1,0.0,0.0,33),
(HIBERNATE_SEQUENCE.nextval, 0.0,0.0,148,0.0,5,7.05,'Boeuf. gîte à la noix. cru',21.3,0.14,0.0,33),
(HIBERNATE_SEQUENCE.nextval, 0.0,0.0,154,0.0,5,8.63,'Boeuf. hampe. crue',19.0,0.15,0.0,33),
(HIBERNATE_SEQUENCE.nextval, 0.0,0.0,122,0.0,5,4.25,'Boeuf. jarret. cru',20.9,0.14,0.0,33),
(HIBERNATE_SEQUENCE.nextval, 0.4,0.02,136,0.0,5,5.02,'Boeuf. joue. crue',22.3,0.18,0.0,33),
(HIBERNATE_SEQUENCE.nextval, 0.0,0.0,139,0.0,5,6.6,'Boeuf. onglet. cru',20.0,0.13,0.0,33),
(HIBERNATE_SEQUENCE.nextval, 0.0,0.0,144,0.0,5,6.54,'Boeuf. paleron. cru',21.2,0.12,0.0,33),
(HIBERNATE_SEQUENCE.nextval, 0.0,0.0,287,0.0,5,23.7,'Boeuf. plat de côtes. cru',18.4,0.12,0.0,33),
(HIBERNATE_SEQUENCE.nextval, 0.4,0.02,114,0.0,5,2.5,'Boeuf. rumsteck. cru',22.5,0.13,0.0,33),
(HIBERNATE_SEQUENCE.nextval, 0.05,0.0025,171,0.0,5,10.1,'Bœuf. steak haché 10% MG. cru',20.0,0.16,0.0,33),
(HIBERNATE_SEQUENCE.nextval, 0.47,0.0235,209,0.0,5,14.1,'Bœuf. steak haché 15% MG. cru',20.2,0.1,0.0,33),
(HIBERNATE_SEQUENCE.nextval, 0.0,0.0,249,0.0,5,20.0,'Bœuf. steak haché 20% MG. cru',17.3,0.16,0.0,33),
(HIBERNATE_SEQUENCE.nextval, 0.3,0.015,130,0.0,5,4.59,'Bœuf. steak haché 5% MG. cru',21.9,0.097,0.0,33),
(HIBERNATE_SEQUENCE.nextval, 0.0,0.0,223,0.0,5,16.2,'Boeuf. steak ou bifteck. cru',19.2,0.15,0.0,33),
(HIBERNATE_SEQUENCE.nextval, 0.57,0.0285,116,0.0,5,2.34,'Boeuf. tende de tranche. crue',23.1,0.078,0.0,33),
(HIBERNATE_SEQUENCE.nextval, 0.0,0.0,136,0.0,5,5.55,'Caille. viande et peau. crue',21.5,0.13,0.0,33),
(HIBERNATE_SEQUENCE.nextval, 0.5,0.025,126,0.0,5,3.81,'Caille. viande. crue',22.5,0.12,0.5,33),
(HIBERNATE_SEQUENCE.nextval, 0.0,0.0,103,0.0,5,3.1,'Canard. cuisse avec peau. sans os. crue',18.7,0.26,0.0,33),
(HIBERNATE_SEQUENCE.nextval, 0.85,0.0425,340,0.0,5,29.4,'Canard. magret. cru',17.9,0.21,0.7,33),
(HIBERNATE_SEQUENCE.nextval, 2.75,0.1375,284,0.0,5,22.6,'Canard. viande et peau. cru',17.4,0.14,0.2,33),
(HIBERNATE_SEQUENCE.nextval, 0.0,0.0,126,0.0,5,5.33,'Canard. viande. crue',19.4,0.19,0.0,33),
(HIBERNATE_SEQUENCE.nextval, 0.0,0.0,113,0.0,5,2.04,'Cerf. cru',23.7,0.13,0.0,33),
(HIBERNATE_SEQUENCE.nextval, 0.49,0.0245,121,0.0,5,8.58,'Cervelle. agneau. crue',10.4,0.28,0.0,33),
(HIBERNATE_SEQUENCE.nextval, 1.02,0.051,128,0.0,5,9.21,'Cervelle. porc. crue',10.3,0.3,0.0,33),
(HIBERNATE_SEQUENCE.nextval, 0.33,0.0165,116,0.0,5,8.21,'Cervelle. veau. crue',10.3,0.32,0.0,33),
(HIBERNATE_SEQUENCE.nextval, 0.0,0.0,183,0.0,5,10.6,'Chapon. viande et peau. cru',21.8,0.56,0.0,33),
(HIBERNATE_SEQUENCE.nextval, 0.0,0.0,118,0.0,5,3.34,'Cheval. entrecôte. crue',22.1,0.0,0.0,33),
(HIBERNATE_SEQUENCE.nextval, 0.0,0.0,121,0.0,5,3.58,'Cheval. faux-filet. cru',22.2,0.0,0.0,33),
(HIBERNATE_SEQUENCE.nextval, 0.4,0.02,129,0.0,5,4.6,'Cheval. steak. cru',21.4,0.13,0.0,33),
(HIBERNATE_SEQUENCE.nextval, 0.0,0.0,106,0.0,5,1.68,'Cheval. tende de tranche. crue',22.7,0.0,0.0,33),
(HIBERNATE_SEQUENCE.nextval, 0.6,0.03,167,0.0,5,10.0,'Cheval. viande. crue',18.8,0.16,0.0,33),
(HIBERNATE_SEQUENCE.nextval, 0.0,0.0,103,0.0,5,2.31,'Chevreau. cru',20.6,0.21,0.0,33),
(HIBERNATE_SEQUENCE.nextval, 0.0,0.0,110,0.0,5,2.0,'Chevreuil. cru',23.0,0.053,0.0,33),
(HIBERNATE_SEQUENCE.nextval, 0.21,0.0105,118,0.0,5,5.68,'Coeur. agneau. cru',16.5,0.22,0.21,33),
(HIBERNATE_SEQUENCE.nextval, 0.7,0.035,103,0.0,5,2.95,'Coeur. boeuf. cru',18.5,0.2,0.0,33),
(HIBERNATE_SEQUENCE.nextval, 0.4,0.02,135,0.0,5,7.44,'Coeur. dinde. cru',16.7,0.32,0.0,33),
(HIBERNATE_SEQUENCE.nextval, 0.27,0.0135,108,0.0,5,4.33,'Coeur. porc. cru',17.1,0.2,0.0,33),
(HIBERNATE_SEQUENCE.nextval, 0.69,0.0345,149,0.0,5,9.32,'Coeur. poulet. cru',15.6,0.17,0.0,33),
(HIBERNATE_SEQUENCE.nextval, 1.64,0.082,105,0.0,5,3.84,'Coeur. veau. cru',16.1,0.23,0.0,33),
(HIBERNATE_SEQUENCE.nextval, 0.0,0.0,192,0.0,5,12.3,'Dinde. aile. crue',20.2,0.14,0.0,33),
(HIBERNATE_SEQUENCE.nextval, 0.0,0.0,150,0.0,5,7.85,'Dinde. cuisse. viande et peau. crue',19.8,0.24,0.0,33),
(HIBERNATE_SEQUENCE.nextval, 0.4,0.02,109,0.0,5,2.5,'Dinde. cuisse. viande sans peau. crue',21.3,0.31,0.1,33),
(HIBERNATE_SEQUENCE.nextval, 0.51,0.0255,109,0.0,5,1.22,'Dinde. escalope. crue',24.1,0.2,0.32,33),
(HIBERNATE_SEQUENCE.nextval, 0.0,0.0,132,0.0,5,4.31,'Dinde. viande et peau. crue',23.4,0.25,0.0,33),
(HIBERNATE_SEQUENCE.nextval, 0.8,0.04,110,0.0,5,1.88,'Dinde. viande. crue',22.4,0.25,0.14,33),
(HIBERNATE_SEQUENCE.nextval, 0.0,0.0,164,0.0,5,7.95,'Faisan. viande et peau. cru',23.2,0.09,0.0,33),
(HIBERNATE_SEQUENCE.nextval, 0.0,0.0,127,0.0,5,3.78,'Faisan. viande. cru',23.3,0.094,0.0,33),
(HIBERNATE_SEQUENCE.nextval, 0.3,0.015,104,0.0,5,3.75,'Gésier. poulet. cru',17.3,0.18,0.0,33),
(HIBERNATE_SEQUENCE.nextval, 0.82,0.041,195,0.0,5,13.8,'Langue. boeuf. crue',16.8,0.17,0.2,33),
(HIBERNATE_SEQUENCE.nextval, 0.16,0.008,189,0.0,5,13.6,'Langue. porc. crue',16.6,0.25,0.0,33),
(HIBERNATE_SEQUENCE.nextval, 1.37,0.0685,153,0.0,5,8.84,'Langue. veau. crue',17.0,0.22,0.0,33),
(HIBERNATE_SEQUENCE.nextval, 0.0,0.0,108,0.0,5,2.32,'Lapin de garenne. viande. crue',21.8,0.13,0.0,33),
(HIBERNATE_SEQUENCE.nextval, 0.66,0.033,189,0.0,5,11.6,'Lapin. viande crue',20.4,0.14,0.0,33),
(HIBERNATE_SEQUENCE.nextval, 0.0,0.0,111,0.0,5,2.67,'Lièvre. viande crue',21.6,0.15,0.0,33),
(HIBERNATE_SEQUENCE.nextval, 0.1,0.005,204,0.0,5,14.5,'Mouton. épaule. crue',18.3,0.23,0.0,33),
(HIBERNATE_SEQUENCE.nextval, 0.0,0.0,225,0.0,5,17.0,'Mouton. gigot. cru',18.0,0.2,0.0,33),
(HIBERNATE_SEQUENCE.nextval, 0.0,0.0,204,0.0,5,14.6,'Mouton. pied. cru',18.1,0.19,0.0,33),
(HIBERNATE_SEQUENCE.nextval, 0.0,0.0,204,0.0,5,14.6,'Mouton. tête. crue',18.1,0.19,0.0,33),
(HIBERNATE_SEQUENCE.nextval, 0.0,0.0,137,0.0,5,6.11,'Mouton. viande. crue',20.6,0.22,0.0,33),
(HIBERNATE_SEQUENCE.nextval, 0.0,0.0,155,0.0,5,7.12,'Oie. viande crue',22.6,0.2,0.0,33),
(HIBERNATE_SEQUENCE.nextval, 0.0,0.0,365,0.0,5,33.6,'Oie. viande et peau. crue',15.7,0.18,0.0,33),
(HIBERNATE_SEQUENCE.nextval, 0.7,0.035,222,0.0,5,16.0,'Pigeon. cru',18.9,0.17,0.4,33),
(HIBERNATE_SEQUENCE.nextval, 0.0,0.0,143,0.0,5,5.75,'Pintade. crue',22.8,0.18,0.0,33),
(HIBERNATE_SEQUENCE.nextval, 0.0,0.0,121,0.0,5,4.0,'Pintade. cuisse. crue',21.3,0.2,0.0,33),
(HIBERNATE_SEQUENCE.nextval, 0.0,0.0,107,0.0,5,0.7,'Pintade. poitrine. crue',25.1,0.13,0.0,33),
(HIBERNATE_SEQUENCE.nextval, 0.1,0.005,744,0.0,5,80.6,'Porc. bardière découennée. crue',4.51,0.1,0.1,33),
(HIBERNATE_SEQUENCE.nextval, 0.4,0.02,146,0.0,5,5.94,'Porc. carré. cru',22.7,0.094,0.0,33),
(HIBERNATE_SEQUENCE.nextval, 0.38,0.019,164,0.0,5,9.3,'Porc. côte. crue',19.8,0.12,0.0,33),
(HIBERNATE_SEQUENCE.nextval, 0.1,0.005,256,0.0,5,12.9,'Porc. couenne. crue',35.0,0.36,0.1,33),
(HIBERNATE_SEQUENCE.nextval, 0.1,0.005,198,0.0,5,14.0,'Porc. échine. crue',18.0,0.19,0.0,33),
(HIBERNATE_SEQUENCE.nextval, 0.38,0.019,178,0.0,5,11.2,'Porc. épaule. crue',18.9,0.12,0.0,33),
(HIBERNATE_SEQUENCE.nextval, 0.0,0.0,129,0.0,5,4.76,'Porc. escalope de jambon. crue',21.5,0.12,0.0,33),
(HIBERNATE_SEQUENCE.nextval, 0.4,0.02,123,0.0,5,4.09,'Porc. filet mignon. cru',21.2,0.11,0.0,33),
(HIBERNATE_SEQUENCE.nextval, 0.0,0.0,117,0.0,5,3.6,'Porc. filet. maigre. cru',21.2,0.18,0.0,33),
(HIBERNATE_SEQUENCE.nextval, 0.14,0.007,475,0.0,5,47.5,'Porc. gorge. découennée. crue',11.6,0.17,0.14,33),
(HIBERNATE_SEQUENCE.nextval, 0.23,0.0115,187,0.0,5,12.3,'Porc. hachage sans jarret. sans bateau. découenné. dégraisssé. désossé. cru',18.9,0.2,0.23,33),
(HIBERNATE_SEQUENCE.nextval, 0.28,0.014,141,0.0,5,6.3,'Porc. jambon sans jarret. sans bateau. découenné. dégraisssé. désossé. cru',20.9,0.18,0.28,33),
(HIBERNATE_SEQUENCE.nextval, 0.28,0.014,148,0.0,5,7.31,'Porc. jambonneau arrière. découenné. dégraisssé. désossé. cru',20.2,0.22,0.28,33),
(HIBERNATE_SEQUENCE.nextval, 0.0,0.0,187,0.0,5,12.0,'Porc. jarret. cru',19.9,0.21,0.0,33),
(HIBERNATE_SEQUENCE.nextval, 0.75,0.0375,175,0.0,5,9.89,'Porc. longe. crue',20.8,0.17,0.0,33),
(HIBERNATE_SEQUENCE.nextval, 0.26,0.013,293,0.0,5,24.7,'Porc. maigre 80/20. cru',17.3,0.17,0.26,33),
(HIBERNATE_SEQUENCE.nextval, 0.24,0.012,212,0.0,5,15.1,'Porc. maigre 90/10. cru',18.8,0.17,0.24,33),
(HIBERNATE_SEQUENCE.nextval, 0.25,0.0125,174,0.0,5,10.4,'Porc. palette. découennée. dégraisssée. désossée. crue',19.9,0.2,0.25,33),
(HIBERNATE_SEQUENCE.nextval, 0.22,0.011,323,0.0,5,28.7,'Porc. poitrine cutter. sans mouille. crue',15.9,0.18,0.22,33),
(HIBERNATE_SEQUENCE.nextval, 0.0,0.0,253,0.0,5,20.5,'Porc. poitrine. crue',17.0,0.14,0.0,33),
(HIBERNATE_SEQUENCE.nextval, 0.37,0.0185,146,0.0,5,6.2,'Porc. rôti filet avec chaînette. cru',22.3,0.16,0.37,33),
(HIBERNATE_SEQUENCE.nextval, 0.5,0.025,153,0.0,5,6.86,'Porc. rôti. cru',22.3,0.1,0.0,33),
(HIBERNATE_SEQUENCE.nextval, 0.0,0.0,149,0.0,5,7.56,'Porc. rouelle de jambon. crue',20.2,0.14,0.0,33),
(HIBERNATE_SEQUENCE.nextval, 0.6,0.03,237,0.0,5,18.0,'Porc. travers. cru',18.0,0.12,0.0,33),
(HIBERNATE_SEQUENCE.nextval, 0.0,0.0,131,0.0,5,5.92,'Poule. cuisse. crue',19.6,0.27,0.0,33),
(HIBERNATE_SEQUENCE.nextval, 0.0,0.0,124,0.0,5,4.51,'Poule. viande .crue',20.9,0.16,0.0,33),
(HIBERNATE_SEQUENCE.nextval, 0.4,0.02,215,0.0,5,15.8,'Poule. viande et peau. crue',17.8,0.18,0.0,33),
(HIBERNATE_SEQUENCE.nextval, 0.0,0.0,123,0.0,5,4.3,'Poulet (var. blanc). viande et peau. cru',21.2,0.2,0.0,33),
(HIBERNATE_SEQUENCE.nextval, 0.0,0.0,210,0.0,5,15.1,'Poulet éviscéré sans abats. cru',18.6,0.18,0.0,33),
(HIBERNATE_SEQUENCE.nextval, 0.2,0.01,135,0.0,5,5.4,'Poulet fermier. viande et peau. cru',21.5,0.21,0.2,33),
(HIBERNATE_SEQUENCE.nextval, 0.0,0.0,181,0.0,5,11.0,'Poulet. aile. viande et peau. cru',20.4,0.22,0.0,33),
(HIBERNATE_SEQUENCE.nextval, 2.08,0.104,188,0.0,5,11.9,'Poulet. cuisse. viande et peau. cru',18.0,0.25,0.0,33),
(HIBERNATE_SEQUENCE.nextval, 0.0,0.0,114,0.0,5,4.05,'Poulet. cuisse. viande. cru',19.3,0.23,0.0,33),
(HIBERNATE_SEQUENCE.nextval, 0.45,0.0225,108,0.0,5,1.34,'Poulet. filet. sans peau. cru',23.5,0.13,0.2,33),
(HIBERNATE_SEQUENCE.nextval, 0.0,0.0,116,0.0,5,4.12,'Poulet. haut de cuisse. viande. cru',19.7,0.24,0.0,33),
(HIBERNATE_SEQUENCE.nextval, 0.0,0.0,155,0.0,5,9.05,'Poulet. pilon. cru',18.4,0.23,0.0,33),
(HIBERNATE_SEQUENCE.nextval, 0.0,0.0,157,0.0,5,8.08,'Poulet. poitrine. viande et peau. cru',21.1,0.16,0.0,33),
(HIBERNATE_SEQUENCE.nextval, 0.3,0.015,173,0.0,5,10.1,'Poulet. viande et peau. cru',20.2,0.16,0.2,33),
(HIBERNATE_SEQUENCE.nextval, 0.0,0.0,113,0.0,5,3.73,'Poulet. viande. crue',20.0,0.2,0.0,33),
(HIBERNATE_SEQUENCE.nextval, 2.35,0.1175,131,0.0,5,7.04,'Ris. agneau. cru',14.6,0.18,0.0,33),
(HIBERNATE_SEQUENCE.nextval, 1.17,0.0585,101,0.0,5,3.02,'Ris. veau. cru',17.4,0.19,0.0,33),
(HIBERNATE_SEQUENCE.nextval, 0.82,0.041,93,0.0,5,2.95,'Rognon. agneau. cru',15.7,0.39,0.0,33),
(HIBERNATE_SEQUENCE.nextval, 0.9,0.045,96,0.0,5,2.65,'Rognon. boeuf. cru',17.1,0.42,0.0,33),
(HIBERNATE_SEQUENCE.nextval, 0.26,0.013,95,0.0,5,3.13,'Rognon. porc. cru',16.4,0.35,0.0,33),
(HIBERNATE_SEQUENCE.nextval, 2.4,0.12,95,0.0,5,2.36,'Rognon. veau. cru',16.0,0.46,0.0,33),
(HIBERNATE_SEQUENCE.nextval, 0.8,0.04,82,0.0,5,0.12,'Sang. boeuf. cru',19.5,0.6,0.8,33),
(HIBERNATE_SEQUENCE.nextval, 0.0,0.0,147,0.0,5,7.13,'Sanglier. cru',20.7,0.2,0.0,33),
(HIBERNATE_SEQUENCE.nextval, 0.0,0.0,82,0.0,5,3.69,'Tripes. boeuf. crues',12.1,0.24,0.0,33),
(HIBERNATE_SEQUENCE.nextval, 0.4,0.02,145,0.0,5,7.25,'Veau. carré. cru',19.5,0.22,0.0,33),
(HIBERNATE_SEQUENCE.nextval, 0.0,0.0,133,0.0,5,5.92,'Veau. collier. cru',19.8,0.15,0.0,33),
(HIBERNATE_SEQUENCE.nextval, 0.0,0.0,189,0.0,5,12.9,'Veau. côte. crue',18.3,0.11,0.0,33),
(HIBERNATE_SEQUENCE.nextval, 0.0,0.0,124,0.0,5,4.63,'Veau. épaule. crue',20.7,0.15,0.0,33),
(HIBERNATE_SEQUENCE.nextval, 0.58,0.029,108,0.0,5,2.6,'Veau. escalope. crue',20.7,0.097,0.0,33),
(HIBERNATE_SEQUENCE.nextval, 0.0,0.0,95,0.0,5,1.4,'Veau. filet. cru',20.6,0.24,0.0,33),
(HIBERNATE_SEQUENCE.nextval, 0.0,0.0,118,0.0,5,3.66,'Veau. jarret. cru',21.3,0.21,0.0,33),
(HIBERNATE_SEQUENCE.nextval, 0.0,0.0,111,0.0,5,2.58,'Veau. noix. crue',21.8,0.19,0.0,33),
(HIBERNATE_SEQUENCE.nextval, 0.0,0.0,184,0.0,5,12.0,'Veau. pied. cru',19.1,0.12,0.0,33),
(HIBERNATE_SEQUENCE.nextval, 0.0,0.0,176,0.0,5,11.2,'Veau. poitrine. crue',18.7,0.22,0.0,33),
(HIBERNATE_SEQUENCE.nextval, 0.0,0.0,145,0.0,5,3.96,'Veau. rôti. cru',27.3,0.2,0.0,33),
(HIBERNATE_SEQUENCE.nextval, 0.0,0.0,208,0.0,5,15.0,'Veau. steak haché 15% MG. cru',18.2,0.17,0.0,33),
(HIBERNATE_SEQUENCE.nextval, 0.4,0.02,243,0.0,5,19.5,'Veau. steak haché 20% MG. cru',16.7,0.19,0.0,33),
(HIBERNATE_SEQUENCE.nextval, 0.0,0.0,365,0.0,5,25.6,'Agneau. collier. braisé ou bouilli',33.6,0.0,0.0,34),
(HIBERNATE_SEQUENCE.nextval, 0.0,0.0,157,0.0,5,5.78,'Agneau. côte filet. grillée/poêlée',26.3,0.0,0.0,34),
(HIBERNATE_SEQUENCE.nextval, 0.0,0.0,157,0.0,5,5.78,'Agneau. côte ou côtelette. cuite (aliment moyen)',26.3,0.0,0.0,34),
(HIBERNATE_SEQUENCE.nextval, 0.0,0.0,157,0.0,5,5.78,'Agneau. côte ou côtelette. grillée/poêlée (aliment moyen)',26.3,0.0,0.0,34),
(HIBERNATE_SEQUENCE.nextval, 0.0,0.0,185,0.0,5,9.01,'Agneau. côte première. grillée/poêlée',26.1,0.18,0.0,34),
(HIBERNATE_SEQUENCE.nextval, 0.0,0.0,240,0.0,5,15.2,'Agneau. côtelette. grillée',25.7,0.31,0.0,34),
(HIBERNATE_SEQUENCE.nextval, 0.0,0.0,197,0.0,5,10.8,'Agneau. épaule. maigre. rôtie/cuite au four',24.9,0.17,0.0,34),
(HIBERNATE_SEQUENCE.nextval, 0.1,0.005,252,0.0,5,14.5,'Agneau. épaule. rôtie/cuite au four',30.5,0.24,0.0,34),
(HIBERNATE_SEQUENCE.nextval, 0.0,0.0,222,0.0,5,9.03,'Agneau. gigot. braisé',35.2,0.0,0.0,34),
(HIBERNATE_SEQUENCE.nextval, 0.0,0.0,174,0.0,5,7.08,'Agneau. gigot. grillé/poêlé',27.6,0.0,0.0,34),
(HIBERNATE_SEQUENCE.nextval, 0.0,0.0,169,0.0,5,6.85,'Agneau. gigot. rôti/cuit au four',26.8,0.19,0.0,34),
(HIBERNATE_SEQUENCE.nextval, 0.0,0.0,153,0.0,5,5.45,'Agneau. selle. partie maigre. grillée/poêlée',26.1,0.0,0.0,34),
(HIBERNATE_SEQUENCE.nextval, 0.0,0.0,153,0.0,5,5.45,'Agneau. selle. partie maigre. rôtie/cuite au four',26.1,0.16,0.0,34),
(HIBERNATE_SEQUENCE.nextval, 0.012,0.0006,209,0.0,5,10.7,'Agneau. viande. cuite (aliment moyen)',28.3,0.0,0.0,34),
(HIBERNATE_SEQUENCE.nextval, 4.58,0.229,163,0.0,5,5.8,'Foie. agneau. cuit',23.0,0.22,0.0,34),
(HIBERNATE_SEQUENCE.nextval, 0.0,0.0,182,0.0,5,8.18,'Foie. dinde. cuit',27.0,0.25,0.0,34),
(HIBERNATE_SEQUENCE.nextval, 2.2,0.11,165,0.0,5,5.71,'Foie. génisse. cuit',26.3,0.21,0.0,34),
(HIBERNATE_SEQUENCE.nextval, 3.76,0.188,159,0.0,5,4.4,'Foie. porc. cuit',26.0,0.12,0.0,34),
(HIBERNATE_SEQUENCE.nextval, 0.87,0.0435,160,0.0,5,6.51,'Foie. poulet. cuit',24.5,0.19,0.0,34),
(HIBERNATE_SEQUENCE.nextval, 9.72,0.486,137,0.0,5,3.02,'Foie. veau. cuit',17.8,0.21,0.0,34),
(HIBERNATE_SEQUENCE.nextval, 0.0,0.0,168,0.0,5,7.07,'Autruche. viande cuite',26.2,0.2,0.0,34),
(HIBERNATE_SEQUENCE.nextval, 0.0,0.0,172,0.0,5,4.05,'Boeuf. à bourguignon ou pot-au-feu. cuit',34.0,0.15,0.0,34),
(HIBERNATE_SEQUENCE.nextval, 0.0,0.0,162,0.0,5,6.94,'Boeuf. bavette d aloyau. grillée/poêlée',25.0,0.0,0.0,34),
(HIBERNATE_SEQUENCE.nextval, 0.0,0.0,144,0.0,5,4.11,'Boeuf. boule de macreuse. grillée/poêlée',26.7,0.0,0.0,34),
(HIBERNATE_SEQUENCE.nextval, 0.0,0.0,147,0.0,5,4.2,'Boeuf. boule de macreuse. rôtie/cuite au four',27.3,0.0,0.0,34),
(HIBERNATE_SEQUENCE.nextval, 0.0,0.0,240,0.0,5,12.4,'Boeuf. braisé',32.1,0.15,0.0,34),
(HIBERNATE_SEQUENCE.nextval, 0.0,0.0,184,0.0,5,5.8,'Boeuf. collier. braisé',33.0,0.0,0.0,34),
(HIBERNATE_SEQUENCE.nextval, 0.1,0.005,198,0.0,5,10.7,'Boeuf. entrecôte. partie maigre. grillée/poêlée',25.5,0.14,0.0,34),
(HIBERNATE_SEQUENCE.nextval, 0.0,0.0,182,0.0,5,8.17,'Boeuf. faux-filet. grillé/poêlé',27.1,0.15,0.0,34),
(HIBERNATE_SEQUENCE.nextval, 0.0,0.0,194,0.0,5,8.71,'Boeuf. faux-filet. rôti/cuit au four',28.8,0.0,0.0,34),
(HIBERNATE_SEQUENCE.nextval, 0.2,0.01,102,0.0,5,1.9,'Boeuf. gîte à la noix. cuit',21.0,0.0,0.0,34),
(HIBERNATE_SEQUENCE.nextval, 0.0,0.0,174,0.0,5,9.76,'Boeuf. hampe. grillée/poêlée',21.6,0.0,0.0,34),
(HIBERNATE_SEQUENCE.nextval, 0.0,0.0,161,0.0,5,4.1,'Boeuf. jarret. bouilli/cuit à l eau',31.0,0.0,0.0,34),
(HIBERNATE_SEQUENCE.nextval, 0.0,0.0,236,0.0,5,8.82,'Boeuf. joue. braisée ou bouillie',39.2,0.0,0.0,34),
(HIBERNATE_SEQUENCE.nextval, 0.0,0.0,171,0.0,5,8.8,'Boeuf. onglet. grillé',23.0,0.0,0.0,34),
(HIBERNATE_SEQUENCE.nextval, 0.2,0.01,251,0.0,5,11.4,'Boeuf. paleron. braisé ou bouilli',36.8,0.17,0.0,34),
(HIBERNATE_SEQUENCE.nextval, 0.0,0.0,269,0.0,5,13.3,'Boeuf. plat de côtes. braisé',37.3,0.13,0.0,34),
(HIBERNATE_SEQUENCE.nextval, 0.0,0.0,196,0.0,5,9.3,'Boeuf. queue. bouillie/cuite à l eau',28.0,0.0,0.0,34),
(HIBERNATE_SEQUENCE.nextval, 0.3,0.015,117,0.0,5,3.16,'Boeuf. rosbif. rôti/cuit au four',21.9,0.1,0.0,34),
(HIBERNATE_SEQUENCE.nextval, 0.0,0.0,123,0.0,5,2.5,'Boeuf. rumsteck. grillé',25.0,0.0,0.0,34),
(HIBERNATE_SEQUENCE.nextval, 0.0,0.0,210,0.0,5,11.8,'Bœuf. steak haché 10% MG. cuit',26.1,0.18,0.0,34),
(HIBERNATE_SEQUENCE.nextval, 0.0,0.0,239,0.0,5,16.1,'Bœuf. steak haché 15% MG. cuit',23.6,0.21,0.0,34),
(HIBERNATE_SEQUENCE.nextval, 0.14,0.007,265,0.0,5,19.2,'Bœuf. steak haché 20% MG. cuit',23.0,0.2,0.0,34),
(HIBERNATE_SEQUENCE.nextval, 0.0,0.0,155,0.0,5,5.85,'Bœuf. steak haché 5% MG. cuit',25.5,0.18,0.0,34),
(HIBERNATE_SEQUENCE.nextval, 0.0018,0.00009,231,0.0,5,15.1,'Bœuf. steak haché. cuit (aliment moyen)',23.8,0.21,0.0,34),
(HIBERNATE_SEQUENCE.nextval, 0.0,0.0,128,0.0,5,1.95,'Boeuf. steak ou bifteck. grillé',27.6,0.16,0.0,34),
(HIBERNATE_SEQUENCE.nextval, 0.0,0.0,141,0.0,5,2.92,'Boeuf. tende de tranche. grillée/poêlée',28.7,0.0,0.0,34),
(HIBERNATE_SEQUENCE.nextval, 0.0,0.0,146,0.0,5,3.03,'Boeuf. tende de tranche. rôtie/cuite au four',29.8,0.0,0.0,34),
(HIBERNATE_SEQUENCE.nextval, 0.0,0.0,206,0.0,5,10.9,'Caille. viande et peau. cuite',26.8,0.13,0.0,34),
(HIBERNATE_SEQUENCE.nextval, 0.0,0.0,222,0.0,5,12.8,'Canard. magret. grillé/poêlé',26.7,1.09,0.0,34),
(HIBERNATE_SEQUENCE.nextval, 0.0,0.0,331,0.0,5,28.4,'Canard. viande et peau. rôti/cuit au four',19.0,0.15,0.0,34),
(HIBERNATE_SEQUENCE.nextval, 0.0,0.0,194,0.0,5,11.2,'Canard. viande. rôtie/cuite au four',23.3,0.39,0.0,34),
(HIBERNATE_SEQUENCE.nextval, 0.0,0.0,150,0.0,5,3.19,'Cerf. rôti/cuit au four',30.2,0.14,0.0,34),
(HIBERNATE_SEQUENCE.nextval, 0.19,0.0095,142,0.0,5,10.2,'Cervelle. agneau. cuite',12.6,0.34,0.0,34),
(HIBERNATE_SEQUENCE.nextval, 0.05,0.0025,174,0.0,5,13.8,'Cervelle. porc. braisée',12.4,0.33,0.0,34),
(HIBERNATE_SEQUENCE.nextval, 2.05,0.1025,141,0.0,5,9.63,'Cervelle. veau. cuite',11.5,0.39,0.0,34),
(HIBERNATE_SEQUENCE.nextval, 0.0,0.0,221,0.0,5,11.7,'Chapon. viande et peau. rôti/cuit au four',29.0,0.12,0.0,34),
(HIBERNATE_SEQUENCE.nextval, 0.0,0.0,169,0.0,5,6.24,'Cheval. entrecôte. grillée/poêlée',28.2,0.0,0.0,34),
(HIBERNATE_SEQUENCE.nextval, 0.0,0.0,163,0.0,5,6.27,'Cheval. faux-filet. grillé/poêlé',26.6,0.0,0.0,34),
(HIBERNATE_SEQUENCE.nextval, 0.0,0.0,173,0.0,5,6.68,'Cheval. faux-filet. rôti/cuit au four',28.3,0.0,0.0,34),
(HIBERNATE_SEQUENCE.nextval, 0.0,0.0,135,0.0,5,2.58,'Cheval. tende de tranche. grillée/poêlée',27.9,0.0,0.0,34),
(HIBERNATE_SEQUENCE.nextval, 0.0,0.0,144,0.0,5,2.75,'Cheval. tende de tranche. rôtie/cuite au four',29.7,0.0,0.0,34),
(HIBERNATE_SEQUENCE.nextval, 0.0,0.0,138,0.0,5,2.85,'Cheval. viande. rôtie/cuite au four',28.0,0.1,0.0,34),
(HIBERNATE_SEQUENCE.nextval, 0.0,0.0,136,0.0,5,3.03,'Chevreau. cuit',27.1,0.22,0.0,34),
(HIBERNATE_SEQUENCE.nextval, 0.0,0.0,150,0.0,5,3.19,'Chevreuil. rôti/cuit au four',30.2,0.15,0.0,34),
(HIBERNATE_SEQUENCE.nextval, 1.93,0.0965,179,0.0,5,7.91,'Coeur. agneau. cuit',25.0,0.16,0.0,34),
(HIBERNATE_SEQUENCE.nextval, 0.15,0.0075,133,0.0,5,4.5,'Coeur. boeuf. cuit',23.0,0.2,0.0,34),
(HIBERNATE_SEQUENCE.nextval, 0.0,0.0,167,0.0,5,7.52,'Coeur. dinde. cuit',24.9,0.35,0.0,34),
(HIBERNATE_SEQUENCE.nextval, 0.1,0.005,177,0.0,5,7.92,'Coeur. poulet. cuit',26.4,0.12,0.0,34),
(HIBERNATE_SEQUENCE.nextval, 0.5,0.025,128,0.0,5,3.04,'Dinde. escalope. rôtie/cuite au four',24.6,0.25,0.0,34),
(HIBERNATE_SEQUENCE.nextval, 0.0,0.0,124,0.0,5,1.09,'Dinde. escalope. sautée/poêlée',28.5,0.16,0.0,34),
(HIBERNATE_SEQUENCE.nextval, 7.25,0.3625,169,0.0,5,3.84,'Dinde. viande. rôtie/cuite au four',26.4,0.1,0.0,34),
(HIBERNATE_SEQUENCE.nextval, 0.0,0.0,239,0.0,5,12.1,'Faisan. viande. rôtie/cuite au four',32.4,0.18,0.0,34),
(HIBERNATE_SEQUENCE.nextval, 0.0,0.0,149,1.0,5,2.1,'Gésier. canard. confit. appertisé',32.4,1.92,0.2,34),
(HIBERNATE_SEQUENCE.nextval, 0.0,0.0,218,0.0,5,13.0,'Gibier à plumes. viande. cuit (aliment moyen)',25.1,0.73,0.0,34),
(HIBERNATE_SEQUENCE.nextval, 0.0,0.0,152,0.0,5,3.72,'Gibier à poil. cuit (aliment moyen)',29.6,0.14,0.0,34),
(HIBERNATE_SEQUENCE.nextval, 0.22,0.011,236,0.0,5,15.6,'Langue. boeuf. cuite',23.7,0.19,0.0,34),
(HIBERNATE_SEQUENCE.nextval, 0.55,0.0275,239,0.0,5,17.0,'Langue. veau. cuite',21.0,0.16,0.0,34),
(HIBERNATE_SEQUENCE.nextval, 0.0,0.0,164,0.0,5,3.51,'Lapin de garenne. viande. cuite',33.0,0.11,0.0,34),
(HIBERNATE_SEQUENCE.nextval, 0.0,0.0,197,0.0,5,8.41,'Lapin. viande braisée',30.4,0.093,0.0,34),
(HIBERNATE_SEQUENCE.nextval, 0.5,0.025,167,0.0,5,9.2,'Lapin. viande cuite',20.5,0.16,0.0,34),
(HIBERNATE_SEQUENCE.nextval, 0.0,0.0,298,0.0,5,21.9,'Oie. viande et peau. rôtie/cuite au four',25.2,0.18,0.0,34),
(HIBERNATE_SEQUENCE.nextval, 0.0,0.0,230,0.0,5,12.7,'Oie. viande. rôtie/cuite au four',29.0,0.25,0.0,34),
(HIBERNATE_SEQUENCE.nextval, 0.0,0.0,213,0.0,5,13.0,'Pigeon. viande. rôtie/cuite au four',23.9,0.14,0.0,34),
(HIBERNATE_SEQUENCE.nextval, 0.6,0.03,206,0.0,5,7.45,'Porc. carré. cuit',34.1,0.097,0.0,34),
(HIBERNATE_SEQUENCE.nextval, 0.0,0.0,242,0.0,5,15.4,'Porc. côte. grillée',25.9,0.15,0.0,34),
(HIBERNATE_SEQUENCE.nextval, 0.1,0.005,295,0.0,5,21.2,'Porc. échine. rôtie/cuite au four',26.2,0.15,0.0,34),
(HIBERNATE_SEQUENCE.nextval, 0.0,0.0,253,0.0,5,14.8,'Porc. épaule. cuite',30.0,0.12,0.0,34),
(HIBERNATE_SEQUENCE.nextval, 0.0,0.0,200,0.0,5,6.2,'Porc. escalope de jambon. cuite',36.0,0.19,0.0,34),
(HIBERNATE_SEQUENCE.nextval, 0.0,0.0,168,0.0,5,7.1,'Porc. filet mignon. cuit',26.1,0.13,0.0,34),
(HIBERNATE_SEQUENCE.nextval, 0.0,0.0,198,0.0,5,9.39,'Porc. filet. maigre. en rôti. cuit',28.3,0.16,0.0,34),
(HIBERNATE_SEQUENCE.nextval, 0.0,0.0,240,0.0,5,14.7,'Porc. longe. cuite',27.1,0.15,0.0,34),
(HIBERNATE_SEQUENCE.nextval, 0.65,0.0325,163,0.0,5,4.31,'Porc. rôti. cuit',30.5,0.081,0.0,34),
(HIBERNATE_SEQUENCE.nextval, 0.0,0.0,266,0.0,5,13.1,'Porc. rouelle de jambon. cuite',36.9,0.18,0.0,34),
(HIBERNATE_SEQUENCE.nextval, 0.13,0.0065,333,0.0,5,26.6,'Porc. travers. braisé',23.1,0.12,0.0,34),
(HIBERNATE_SEQUENCE.nextval, 0.24,0.012,214,0.0,5,11.3,'Porc. viande. cuite (aliment moyen)',28.0,0.12,0.0,34),
(HIBERNATE_SEQUENCE.nextval, 0.0,0.0,247,0.0,5,16.9,'Poulet. aile. viande et peau. rôti/cuit au four',23.8,0.25,0.0,34),
(HIBERNATE_SEQUENCE.nextval, 0.55,0.0275,188,0.0,5,9.1,'Poulet. cuisse. viande et peau. bouilli/cuit à l eau',26.1,0.18,0.2,34),
(HIBERNATE_SEQUENCE.nextval, 2.0,0.1,213,0.0,5,11.3,'Poulet. cuisse. viande et peau. rôtie/cuite au four',25.9,0.23,0.0,34),
(HIBERNATE_SEQUENCE.nextval, 0.7,0.035,188,0.0,5,9.52,'Poulet. cuisse. viande. bouilli/cuit à l eau',24.8,0.23,0.0,34),
(HIBERNATE_SEQUENCE.nextval, 0.0,0.0,171,0.0,5,8.03,'Poulet. cuisse. viande. rôti/cuit au four',24.8,0.26,0.0,34),
(HIBERNATE_SEQUENCE.nextval, 1.2,0.06,137,0.0,5,1.76,'Poulet. filet. sans peau. cuit',29.2,0.1,0.0,34),
(HIBERNATE_SEQUENCE.nextval, 0.0,0.0,189,0.0,5,7.78,'Poulet. poitrine. viande et peau. rôti/cuit au four',29.8,0.18,0.0,34),
(HIBERNATE_SEQUENCE.nextval, 2.1,0.105,213,0.0,5,9.88,'Poulet. viande et peau. rôti/cuit au four',28.9,0.4,1.7,34),
(HIBERNATE_SEQUENCE.nextval, 0.25,0.0125,228,0.0,5,15.1,'Ris. agneau. cuit',22.8,0.13,0.0,34),
(HIBERNATE_SEQUENCE.nextval, 3.11,0.1555,149,0.0,5,5.8,'Ris. veau. braisé ou sauté/poêlé',21.0,0.16,0.0,34),
(HIBERNATE_SEQUENCE.nextval, 2.97,0.1485,139,0.0,5,3.62,'Rognon. agneau. braisé',23.7,0.38,0.0,34),
(HIBERNATE_SEQUENCE.nextval, 0.0,0.0,171,0.0,5,7.0,'Rognon. boeuf. cuit',27.0,0.24,0.0,34),
(HIBERNATE_SEQUENCE.nextval, 0.37,0.0185,163,0.0,5,6.23,'Rognon. cuit (aliment moyen)',26.5,0.23,0.0,34),
(HIBERNATE_SEQUENCE.nextval, 1.1,0.055,148,0.0,5,4.7,'Rognon. porc. cuit',25.4,0.2,0.0,34),
(HIBERNATE_SEQUENCE.nextval, 0.0,0.0,167,0.0,5,7.0,'Rognon. veau. braisé ou sauté/poêlé',26.0,0.28,0.0,34),
(HIBERNATE_SEQUENCE.nextval, 0.0,0.0,153,0.0,5,4.38,'Sanglier. rôti/cuit au four',28.3,0.15,0.0,34),
(HIBERNATE_SEQUENCE.nextval, 0.0,0.0,171,0.0,5,6.6,'Veau. carré. sauté/poêlé',28.0,0.0,0.0,34),
(HIBERNATE_SEQUENCE.nextval, 0.0,0.0,233,0.0,5,10.4,'Veau. collier. braisé ou bouilli',34.9,0.0,0.0,34),
(HIBERNATE_SEQUENCE.nextval, 0.0,0.0,156,0.0,5,6.24,'Veau. côte. grillée/poêlée',25.1,0.25,0.0,34),
(HIBERNATE_SEQUENCE.nextval, 0.0,0.0,219,0.0,5,8.14,'Veau. épaule. braisée ou bouillie',36.4,0.0,0.0,34),
(HIBERNATE_SEQUENCE.nextval, 0.0,0.0,166,0.0,5,6.17,'Veau. épaule. grillée/poêlée',27.6,0.0,0.0,34),
(HIBERNATE_SEQUENCE.nextval, 0.0,0.0,147,0.0,5,2.5,'Veau. escalope. cuite',31.0,0.15,0.0,34),
(HIBERNATE_SEQUENCE.nextval, 0.5,0.025,201,0.0,5,11.7,'Veau. filet. rôti/cuit au four',23.4,0.23,0.0,34),
(HIBERNATE_SEQUENCE.nextval, 0.0,0.0,207,0.0,5,6.43,'Veau. jarret. braisé ou bouilli',37.4,0.0,0.0,34),
(HIBERNATE_SEQUENCE.nextval, 0.0,0.0,147,0.0,5,3.44,'Veau. noix. grillée/poêlée',29.1,0.0,0.0,34),
(HIBERNATE_SEQUENCE.nextval, 0.0,0.0,147,0.0,5,3.44,'Veau. noix. rôtie',29.1,0.0,0.0,34),
(HIBERNATE_SEQUENCE.nextval, 0.0,0.0,143,0.0,5,3.39,'Veau. rôti. cuit',28.1,0.17,0.0,34),
(HIBERNATE_SEQUENCE.nextval, 0.0,0.0,187,0.0,5,11.4,'Veau. tête. bouillie/cuite à l eau',21.0,0.0,0.0,34),
(HIBERNATE_SEQUENCE.nextval, 0.03,0.0015,162,0.0,5,5.01,'Veau. viande. cuite (aliment moyen)',29.2,0.18,0.0,34),
(HIBERNATE_SEQUENCE.nextval, 4.17,0.417,33,4.3,10,0.28,'Aubergine. cuite',1.23,0.015,3.41,19),
(HIBERNATE_SEQUENCE.nextval, 3.67,0.367,155,4.0,10,13.8,'Avocat. pulpe. cru',1.61,0.063,1.0,19),
(HIBERNATE_SEQUENCE.nextval, 3.03,0.303,32,1.93,10,0.43,'Champignon. cèpe. cru',3.13,0.024,1.7,19),
(HIBERNATE_SEQUENCE.nextval, 74.6,11.19,411,4.06,15,7.01,'Céréales pour petit déjeuner "équilibre" au chocolat (non enrichies en vitamines et minéraux)',10.3,1.03,22.9,3),
(HIBERNATE_SEQUENCE.nextval, 5.0,0.75,36,1.5,15,0.35,'Cornichon. aigre-doux',1.25,1.1,4.0,6),
(HIBERNATE_SEQUENCE.nextval, 0.1,0.015,332,11.6,15,33.3,'Olive noire. à l huile (à la grecque)',2.19,8.45,0.0,6),
(HIBERNATE_SEQUENCE.nextval, 58.3,8.745,336,14.1,15,4.24,'Gingembre. poudre',9.05,0.068,3.39,9),
(HIBERNATE_SEQUENCE.nextval, 1.47,0.2205,22,2.47,15,0.23,'Rhubarbe. tige. crue',0.78,0.0093,1.47,11),
(HIBERNATE_SEQUENCE.nextval, 29.2,4.38,0,2.0,15,0.05,'Rhubarbe. tige. cuite. sucrée',0.38,0.0025,28.7,11),
(HIBERNATE_SEQUENCE.nextval, 7.85,1.1775,617,10.2,15,53.4,'Amande (avec peau)',21.1,0.004,4.4,12),
(HIBERNATE_SEQUENCE.nextval, 8.72,1.308,626,10.9,15,53.9,'Amande. grillée. salée',21.1,1.25,4.86,12),
(HIBERNATE_SEQUENCE.nextval, 8.76,1.314,613,9.9,15,52.5,'Amande. mondée. émondée ou blanchie',21.4,0.048,4.63,12),
(HIBERNATE_SEQUENCE.nextval, 14.8,2.22,610,8.6,15,49.1,'Cacahuète ou Arachide',22.8,0.022,5.9,12),
(HIBERNATE_SEQUENCE.nextval, 6.99,1.0485,670,9.7,15,63.0,'Noisette',13.9,0.044,4.34,12),
(HIBERNATE_SEQUENCE.nextval, 26.7,4.005,621,3.85,15,49.5,'Noix de cajou. grillée. salée',15.2,1.15,8.01,12),
(HIBERNATE_SEQUENCE.nextval, 6.31,0.9465,685,10.0,15,65.0,'Pignon de pin',13.7,0.023,5.21,12),
(HIBERNATE_SEQUENCE.nextval, 18.6,2.79,595,10.1,15,47.4,'Pistache. grillée',18.4,0.015,7.74,12),
(HIBERNATE_SEQUENCE.nextval, 15.9,2.385,603,9.32,15,49.5,'Pistache. grillée. salée',18.9,1.67,7.57,12),
(HIBERNATE_SEQUENCE.nextval, 20.8,3.12,419,13.0,15,19.2,'Soja. graine entière',34.5,0.0075,7.33,12),
(HIBERNATE_SEQUENCE.nextval, 0.0,0.0,900,0.0,15,100.0,'Huile d olive vierge extra',0.0,0.0084,0.0,15),
(HIBERNATE_SEQUENCE.nextval, 35.1,5.265,368,16.3,15,9.5,'Germe de blé',27.2,0.018,10.0,16),
(HIBERNATE_SEQUENCE.nextval, 45.8,6.87,344,21.5,15,6.07,'Son (aliment moyen)',15.7,0.02,2.27,16),
(HIBERNATE_SEQUENCE.nextval, 51.0,7.65,359,16.7,15,6.48,'Son d avoine',15.8,0.016,2.23,16),
(HIBERNATE_SEQUENCE.nextval, 23.6,3.54,279,42.0,15,4.35,'Son de blé',15.4,0.033,2.46,16),
(HIBERNATE_SEQUENCE.nextval, 6.65,0.9975,226,79.0,15,0.92,'Son de maïs',8.36,0.018,0.0,16),
(HIBERNATE_SEQUENCE.nextval, 28.1,4.215,398,21.0,15,20.9,'Son de riz',13.9,0.013,0.9,16),
(HIBERNATE_SEQUENCE.nextval, 6.4,0.96,0,4.1,15,10.8,'Tempeh',18.5,0.023,0.9,16),
(HIBERNATE_SEQUENCE.nextval, 1.43,0.2145,18,1.5,15,0.27,'Asperge. appertisée. égouttée',1.79,0.7,1.23,19),
(HIBERNATE_SEQUENCE.nextval, 2.5,0.375,26,1.8,15,0.3,'Asperge. blanche ou violette. pelée. crue',2.5,0.019,0.0,19),
(HIBERNATE_SEQUENCE.nextval, 0.81,0.1215,20,1.8,15,0.32,'Asperge. bouillie/cuite à l eau',2.53,0.028,0.81,19),
(HIBERNATE_SEQUENCE.nextval, 2.4,0.36,24,1.95,15,0.21,'Asperge. pelée. crue',2.04,0.011,1.88,19),
(HIBERNATE_SEQUENCE.nextval, 2.03,0.3045,25,2.15,15,0.27,'Asperge. verte. crue',2.46,0.014,1.5,19),
(HIBERNATE_SEQUENCE.nextval, 0.5,0.075,12,1.8,15,0.5,'Bette ou blette. crue',1.0,0.57,0.5,19),
(HIBERNATE_SEQUENCE.nextval, 0.46,0.069,12,2.5,15,0.5,'Bette ou blette. cuite',0.7,0.25,0.46,19),
(HIBERNATE_SEQUENCE.nextval, 1.68,0.252,36,2.9,15,0.48,'Brocoli. cru',3.95,0.048,1.68,19),
(HIBERNATE_SEQUENCE.nextval, 1.38,0.207,14,2.0,15,0.15,'Céleri branche. appertisé. égoutté',0.72,0.73,0.8,19),
(HIBERNATE_SEQUENCE.nextval, 0.7,0.105,19,2.5,15,0.37,'Champignon de Paris ou champignon de couche. appertisé. égoutté',2.23,0.63,0.0,19),
(HIBERNATE_SEQUENCE.nextval, 4.25,0.6375,28,2.3,15,0.2,'Chou blanc. cru',1.25,0.024,0.0,19),
(HIBERNATE_SEQUENCE.nextval, 0.75,0.1125,13,1.35,15,0.17,'Chou chinois (pak-choi ou pé-tsai). cuit',1.53,0.054,0.75,19),
(HIBERNATE_SEQUENCE.nextval, 1.65,0.2475,16,1.05,15,0.2,'Chou chinois ou pak-choi ou pé-tsai. cru',1.38,0.13,1.18,19),
(HIBERNATE_SEQUENCE.nextval, 4.1,0.615,38,3.3,15,0.53,'Chou de Bruxelles. appertisé. égoutté',2.56,0.63,2.5,19),
(HIBERNATE_SEQUENCE.nextval, 2.05,0.3075,23,2.13,15,0.31,'Chou-fleur. cru',1.77,0.0092,1.56,19),
(HIBERNATE_SEQUENCE.nextval, 2.04,0.306,14,0.6,15,0.11,'Concombre. pulpe et peau. cru',0.64,0.012,1.34,19),
(HIBERNATE_SEQUENCE.nextval, 1.8,0.27,17,1.05,15,0.26,'Courgette. pulpe et peau. crue',1.22,0.017,1.79,19),
(HIBERNATE_SEQUENCE.nextval, 8.35,1.2525,59,2.5,15,1.43,'Échalote. crue',1.84,0.043,3.63,19),
(HIBERNATE_SEQUENCE.nextval, 0.93,0.1395,25,2.4,15,0.5,'Épinard. appertisé. égoutté',2.81,0.81,0.4,19),
(HIBERNATE_SEQUENCE.nextval, 6.25,0.9375,39,1.7,15,0.62,'Oignon. cru',1.1,0.098,4.8,19),
(HIBERNATE_SEQUENCE.nextval, 1.6,0.24,23,1.8,15,0.65,'Oseille. crue',1.89,0.0094,1.54,19),
(HIBERNATE_SEQUENCE.nextval, 7.7,1.155,45,1.65,15,0.32,'Piment. cru',1.87,0.02,5.3,19),
(HIBERNATE_SEQUENCE.nextval, 4.9,0.735,33,2.27,15,0.25,'Poireau. cru',1.59,0.034,3.15,19),
(HIBERNATE_SEQUENCE.nextval, 3.0,0.45,25,3.2,15,0.2,'Poireau. cuit',1.1,0.015,2.11,19),
(HIBERNATE_SEQUENCE.nextval, 3.35,0.5025,36,2.55,15,1.36,'Poireau. surgelé. cru',1.42,0.016,2.76,19),
(HIBERNATE_SEQUENCE.nextval, 3.41,0.5115,29,1.8,15,0.5,'Pois mange-tout ou pois gourmand. bouilli/cuit à l eau',2.4,0.13,2.4,19),
(HIBERNATE_SEQUENCE.nextval, 5.42,0.813,29,0.9,15,0.21,'Poivron jaune. cru',1.0,0.005,0.0,19),
(HIBERNATE_SEQUENCE.nextval, 4.42,0.663,32,1.7,15,0.77,'Poivron rouge. appertisé. égoutté',0.91,1.14,3.64,19),
(HIBERNATE_SEQUENCE.nextval, 4.5,0.675,29,1.9,15,0.35,'Poivron rouge. cru',1.12,0.012,4.13,19),
(HIBERNATE_SEQUENCE.nextval, 7.0,1.05,40,2.2,15,0.3,'Poivron rouge. cuit',1.21,0.0055,6.0,19),
(HIBERNATE_SEQUENCE.nextval, 2.8,0.42,20,1.75,15,0.24,'Poivron vert. cru',0.74,0.0032,2.18,19),
(HIBERNATE_SEQUENCE.nextval, 2.36,0.354,17,1.2,15,0.2,'Poivron vert. cuit',0.93,0.005,2.36,19),
(HIBERNATE_SEQUENCE.nextval, 4.55,0.6825,27,1.5,15,0.27,'Poivron. vert. jaune ou rouge. cru',0.8,0.021,2.7,19),
(HIBERNATE_SEQUENCE.nextval, 3.1,0.465,20,1.9,15,0.1,'Radis noir. cru',0.9,0.022,0.0,19),
(HIBERNATE_SEQUENCE.nextval, 1.24,0.186,11,1.1,15,0.1,'Radis rouge. cru',0.76,0.077,1.24,19),
(HIBERNATE_SEQUENCE.nextval, 2.4,0.36,23,2.45,15,0.25,'Salade ou chicorée frisée. crue',1.48,0.077,0.7,19),
(HIBERNATE_SEQUENCE.nextval, 1.5,0.225,14,1.3,15,0.1,'Salade verte. crue. sans assaisonnement',1.01,0.046,0.83,19),
(HIBERNATE_SEQUENCE.nextval, 3.33,0.4995,91,2.1,15,5.56,'Endive au jambon',5.84,0.69,0.33,24),
(HIBERNATE_SEQUENCE.nextval, 1.78,0.267,96,0.65,15,5.32,'Tofu. nature',9.91,0.35,1.6,24),
(HIBERNATE_SEQUENCE.nextval, 0.0,0.0,111,0.0,15,4.22,'Hareng maigre. cru',18.3,0.19,0.0,25),
(HIBERNATE_SEQUENCE.nextval, 11.6,2.32,387,29.5,20,20.6,'Cacao. non sucré. poudre soluble',22.4,0.11,0.9,2),
(HIBERNATE_SEQUENCE.nextval, 1.69,0.338,0,0.4,20,0.07,'Jus de citron vert. maison',0.42,0.005,1.69,2),
(HIBERNATE_SEQUENCE.nextval, 1.35,0.27,24,0.45,20,0.23,'Jus de citron vert. pur jus',0.25,0.031,1.35,2),
(HIBERNATE_SEQUENCE.nextval, 3.1,0.62,39,1.2,20,0.7,'Citron. pulpe. cru',0.84,0.003,2.85,11),
(HIBERNATE_SEQUENCE.nextval, 6.5,1.3,40,3.0,20,0.2,'Artichaut. appertisé. égoutté',1.5,0.8,1.5,19),
(HIBERNATE_SEQUENCE.nextval, 2.31,0.462,26,3.2,20,0.5,'Artichaut. coeur. appertisé. égoutté',1.8,0.78,1.2,19),
(HIBERNATE_SEQUENCE.nextval, 5.02,1.004,46,5.4,20,0.18,'Artichaut. cru',3.1,0.15,0.99,19),
(HIBERNATE_SEQUENCE.nextval, 0.99,0.198,33,8.3,20,0.28,'Artichaut. cuit',2.53,0.14,0.99,19),
(HIBERNATE_SEQUENCE.nextval, 3.02,0.604,25,2.6,20,0.5,'Artichaut. fond. appertisé. égoutté',1.2,0.73,0.8,19),
(HIBERNATE_SEQUENCE.nextval, 8.09,1.618,60,7.54,20,0.43,'Artichaut. fond. surgelé. cru',2.08,0.18,1.89,19),
(HIBERNATE_SEQUENCE.nextval, 2.39,0.478,21,2.7,20,0.14,'Aubergine. crue',1.12,0.0063,2.39,19),
(HIBERNATE_SEQUENCE.nextval, 4.03,0.806,35,2.32,20,0.5,'Coeur de palmier. appertisé. égoutté',2.53,0.97,1.5,19),
(HIBERNATE_SEQUENCE.nextval, 4.32,0.864,55,2.03,20,3.15,'Ratatouille cuisinée',1.22,0.94,3.91,24),
(HIBERNATE_SEQUENCE.nextval, 11.9,2.38,106,0.9,20,5.53,'Sauce à l échalote à la crème. préemballée',1.7,1.61,2.27,30),
(HIBERNATE_SEQUENCE.nextval, 5.9,1.18,79,0.24,20,5.51,'Sauce à la crème',1.28,1.4,0.65,30),
(HIBERNATE_SEQUENCE.nextval, 20.1,4.02,0,0.97,20,0.2,'Sauce aigre douce. préemballée',0.55,1.01,15.9,30),
(HIBERNATE_SEQUENCE.nextval, 4.7,0.94,395,0.42,20,41.0,'Sauce aïoli. préemballée',1.13,1.85,3.14,30),
(HIBERNATE_SEQUENCE.nextval, 9.48,1.896,423,0.2,20,41.8,'Sauce américaine. préemballée',1.42,2.94,5.1,30),
(HIBERNATE_SEQUENCE.nextval, 3.95,0.79,84,0.0,20,6.6,'Sauce armoricaine. préemballée',2.1,1.3,0.73,30),
(HIBERNATE_SEQUENCE.nextval, 4.58,0.916,174,0.37,20,16.8,'Sauce au beurre blanc. préemballée',0.93,1.2,1.1,30),
(HIBERNATE_SEQUENCE.nextval, 5.2,1.04,192,1.0,20,17.9,'Sauce au beurre. préemballée',2.2,1.36,1.0,30),
(HIBERNATE_SEQUENCE.nextval, 26.2,5.24,277,3.0,20,16.8,'Sauce au chocolat',3.8,0.13,24.1,30),
(HIBERNATE_SEQUENCE.nextval, 10.6,2.12,77,1.28,20,3.16,'Sauce au curry. préemballée',1.02,1.12,5.83,30),
(HIBERNATE_SEQUENCE.nextval, 4.24,0.848,118,1.4,20,9.53,'Sauce au fromage pour risotto ou pâtes. préemballée',3.11,1.38,0.68,30),
(HIBERNATE_SEQUENCE.nextval, 5.3,1.06,84,1.3,20,6.1,'Sauce au poivre vert. préemballée',1.3,1.15,1.3,30),
(HIBERNATE_SEQUENCE.nextval, 4.8,0.96,160,1.13,20,14.8,'Sauce au poivre. chaude. préemballée',1.0,1.58,1.76,30),
(HIBERNATE_SEQUENCE.nextval, 6.0,1.2,494,0.5,20,51.4,'Sauce au poivre. condimentaire. froide. préemballée',0.97,2.11,4.68,30),
(HIBERNATE_SEQUENCE.nextval, 4.4,0.88,128,0.6,20,10.9,'Sauce au roquefort. préemballée',2.85,1.25,1.1,30),
(HIBERNATE_SEQUENCE.nextval, 7.0,1.4,0,0.42,20,2.14,'Sauce au vin rouge',0.93,1.73,0.84,30),
(HIBERNATE_SEQUENCE.nextval, 4.79,0.958,0,1.11,20,6.91,'Sauce au yaourt',3.66,1.27,4.33,30),
(HIBERNATE_SEQUENCE.nextval, 5.14,1.028,91,0.8,20,7.11,'Sauce aux champignons et à la crème. préemballée',1.08,1.02,1.26,30),
(HIBERNATE_SEQUENCE.nextval, 6.3,1.26,99,2.25,20,6.26,'Sauce aux champignons. préemballée',3.2,0.9,2.2,30),
(HIBERNATE_SEQUENCE.nextval, 32.0,6.4,141,0.5,20,0.55,'Sauce barbecue. préemballée',0.73,2.47,26.5,30),
(HIBERNATE_SEQUENCE.nextval, 7.41,1.482,63,2.09,20,2.71,'Sauce basquaise ou Sauce aux poivrons. préemballée',1.17,1.13,4.46,30),
(HIBERNATE_SEQUENCE.nextval, 4.52,0.904,454,0.48,20,47.7,'Sauce béarnaise. préemballée',0.88,1.95,2.3,30),
(HIBERNATE_SEQUENCE.nextval, 8.97,1.794,147,0.2,20,10.6,'Sauce béchamel. maison',3.84,0.89,4.38,30),
(HIBERNATE_SEQUENCE.nextval, 7.27,1.454,90,0.4,20,5.66,'Sauce béchamel. préemballée',2.31,0.9,2.82,30),
(HIBERNATE_SEQUENCE.nextval, 7.85,1.57,433,0.52,20,43.9,'Sauce bourguignonne. préemballée',1.25,2.71,5.23,30),
(HIBERNATE_SEQUENCE.nextval, 13.3,2.66,367,0.48,20,33.8,'Sauce burger. préemballée',1.06,2.13,10.2,30),
(HIBERNATE_SEQUENCE.nextval, 4.7,0.94,160,2.65,20,12.8,'Sauce carbonara. préemballée',5.17,1.49,1.0,30),
(HIBERNATE_SEQUENCE.nextval, 4.66,0.932,39,0.43,20,1.61,'Sauce chasseur. préemballée',1.21,1.03,0.0,30),
(HIBERNATE_SEQUENCE.nextval, 7.05,1.41,124,0.91,20,9.1,'Sauce chaude (aliment moyen)',2.56,1.21,2.63,30),
(HIBERNATE_SEQUENCE.nextval, 7.26,1.452,161,0.5,20,14.3,'Sauce crudités ou Sauce salade. allégée en matière grasse. préemballée',0.76,2.57,5.1,30),
(HIBERNATE_SEQUENCE.nextval, 5.3,1.06,304,0.35,20,30.9,'Sauce crudités ou Sauce salade. préemballée',0.86,2.4,4.06,30),
(HIBERNATE_SEQUENCE.nextval, 8.45,1.69,103,0.0,20,7.0,'Sauce grand veneur. préemballée',1.5,1.14,6.6,30),
(HIBERNATE_SEQUENCE.nextval, 4.58,0.916,203,0.5,20,19.8,'Sauce hollandaise. préemballée',1.19,1.19,0.7,30),
(HIBERNATE_SEQUENCE.nextval, 14.3,2.86,87,1.9,20,1.7,'Sauce indienne type tandoori ou tikka masala. préemballée',2.6,2.4,12.3,30),
(HIBERNATE_SEQUENCE.nextval, 9.15,1.83,293,0.1,20,27.6,'Sauce kebab. préemballée',1.1,1.5,4.6,30),
(HIBERNATE_SEQUENCE.nextval, 3.6,0.72,38,0.5,20,2.2,'Sauce madère. préemballée',0.6,1.1,1.9,30),
(HIBERNATE_SEQUENCE.nextval, 3.3,0.66,229,2.0,20,22.8,'Sauce moutarde. préemballée',1.66,2.35,0.92,30),
(HIBERNATE_SEQUENCE.nextval, 10.9,2.18,81,0.2,20,0.0,'Sauce Nuoc Mâm ou Sauce au poisson. préemballée',9.3,22.2,8.34,30),
(HIBERNATE_SEQUENCE.nextval, 8.58,1.716,305,4.15,20,27.0,'Sauce pesto rosso. préemballée',4.8,1.99,2.75,30),
(HIBERNATE_SEQUENCE.nextval, 6.6,1.32,370,2.5,20,35.4,'Sauce pesto. préemballée',3.94,2.64,3.2,30),
(HIBERNATE_SEQUENCE.nextval, 1.0,0.2,381,0.0,20,41.4,'Sauce rouille. préemballée',1.1,1.18,0.0,30),
(HIBERNATE_SEQUENCE.nextval, 3.83,0.766,46,0.86,20,0.1,'Sauce soja. préemballée',7.08,18.6,1.32,30),
(HIBERNATE_SEQUENCE.nextval, 4.6,0.92,520,0.47,20,55.0,'Sauce tartare. préemballée',0.99,1.94,3.11,30),
(HIBERNATE_SEQUENCE.nextval, 16.0,3.2,0,0.1,20,1.06,'Sauce teriyaki. préemballée',3.82,6.13,13.2,30),
(HIBERNATE_SEQUENCE.nextval, 7.27,1.454,94,2.29,20,4.81,'Sauce tomate à la viande ou Sauce bolognaise. préemballée',4.22,1.18,4.74,30),
(HIBERNATE_SEQUENCE.nextval, 8.09,1.618,180,2.41,20,14.2,'Sauce tomate au fromage. préemballée',3.94,1.31,4.6,30),
(HIBERNATE_SEQUENCE.nextval, 7.78,1.556,67,2.35,20,2.68,'Sauce tomate aux champignons. préemballée',1.79,1.04,4.58,30),
(HIBERNATE_SEQUENCE.nextval, 7.69,1.538,79,2.17,20,4.18,'Sauce tomate aux oignons. préemballée',1.52,1.17,5.44,30),
(HIBERNATE_SEQUENCE.nextval, 7.5,1.5,108,3.34,20,7.32,'Sauce tomate aux olives. préemballée',1.41,1.83,3.68,30),
(HIBERNATE_SEQUENCE.nextval, 7.57,1.514,67,2.12,20,2.9,'Sauce tomate aux petits légumes. préemballée',1.54,0.99,5.22,30),
(HIBERNATE_SEQUENCE.nextval, 4.56,0.912,0,0.34,20,52.4,'Sauce vinaigrette (50 à 75% d huile). préemballée',0.54,2.57,2.9,30),
(HIBERNATE_SEQUENCE.nextval, 3.64,0.728,0,0.69,20,27.5,'Sauce vinaigrette allégée en MG (25 à 50% d huile). préemballée',0.48,1.99,2.14,30),
(HIBERNATE_SEQUENCE.nextval, 99.8,19.96,399,0.0,20,0.0,'Fructose',0.0,0.00025,0.0,32),
(HIBERNATE_SEQUENCE.nextval, 35.0,8.75,572,11.9,25,41.6,'Chocolat noir à 70% cacao minimum. extra. dégustation. tablette',8.44,0.024,27.6,5),
(HIBERNATE_SEQUENCE.nextval, 22.9,5.725,446,10.0,25,21.4,'Farine de soja',35.8,0.019,7.5,10),
(HIBERNATE_SEQUENCE.nextval, 11.6,2.9,60,1.7,25,0.25,'Cerise. dénoyautée. crue',1.16,0.005,11.6,11),
(HIBERNATE_SEQUENCE.nextval, 6.14,1.535,35,1.5,25,0.18,'Fraise. crue',0.65,0.052,4.73,11),
(HIBERNATE_SEQUENCE.nextval, 4.26,1.065,44,5.99,25,0.36,'Framboise. crue',1.28,0.0025,4.26,11),
(HIBERNATE_SEQUENCE.nextval, 4.83,1.2075,40,4.03,25,0.59,'Groseille à maquereau. crue',0.8,0.0038,0.0,11),
(HIBERNATE_SEQUENCE.nextval, 6.64,1.66,56,4.25,25,0.95,'Groseille. crue',1.33,0.005,6.64,11),
(HIBERNATE_SEQUENCE.nextval, 4.2,1.05,41,4.8,25,0.75,'Mûre (de ronce). crue',1.32,0.0039,4.2,11),
(HIBERNATE_SEQUENCE.nextval, 8.62,2.155,0,1.0,25,0.04,'Pamplemousse chinois. pulpe. cru',0.76,0.0025,0.0,11),
(HIBERNATE_SEQUENCE.nextval, 10.9,2.725,0,2.28,25,0.1,'Prune Reine-Claude. crue',0.81,0.0019,9.6,11),
(HIBERNATE_SEQUENCE.nextval, 13.9,3.475,618,8.35,25,50.5,'Cacahuète. grillée',22.8,0.61,3.13,12),
(HIBERNATE_SEQUENCE.nextval, 5.21,1.3025,691,9.4,25,66.0,'Noisette grillée',14.4,0.0,4.26,12),
(HIBERNATE_SEQUENCE.nextval, 44.9,11.225,328,15.4,25,0.8,'Lentille corail. sèche',27.7,0.13,1.29,20),
(HIBERNATE_SEQUENCE.nextval, 16.3,4.075,128,7.95,25,1.49,'Pois cassé. cuit',8.46,0.0082,3.85,20),
(HIBERNATE_SEQUENCE.nextval, 56.2,14.05,330,17.3,25,2.3,'Orge entière. crue',12.5,0.03,0.8,22),
(HIBERNATE_SEQUENCE.nextval, 0.0,0.0,176,0.0,25,11.7,'Hareng. cru',17.7,0.22,0.0,25),
(HIBERNATE_SEQUENCE.nextval, 61.2,18.36,0,1.0,30,0.08,'Marmelade d orange',0.16,0.0075,58.8,7),
(HIBERNATE_SEQUENCE.nextval, 7.14,2.142,43,1.8,30,0.35,'Abricot. dénoyauté. cru',1.01,0.0025,6.57,11),
(HIBERNATE_SEQUENCE.nextval, 9.39,2.817,84,10.4,30,0.7,'Fruit de la passion ou maracudja. pulpe et pépins. cru',2.3,0.07,9.39,11),
(HIBERNATE_SEQUENCE.nextval, 9.7,2.91,0,1.5,30,0.31,'Mandarine. pulpe. crue',0.72,0.01,9.7,11),
(HIBERNATE_SEQUENCE.nextval, 10.4,3.12,0,2.47,30,0.1,'Poire. pulpe. crue',0.3,0.0075,10.4,11),
(HIBERNATE_SEQUENCE.nextval, 62.8,18.84,344,9.45,30,0.77,'Ail séché. poudre',16.7,0.11,2.43,14),
(HIBERNATE_SEQUENCE.nextval, 21.2,6.36,0,4.7,30,0.34,'Ail. cru',5.81,0.098,1.43,14),
(HIBERNATE_SEQUENCE.nextval, 4.5,1.35,103,0.0,30,6.97,'Lait de brebis. entier',5.68,0.11,4.5,17),
(HIBERNATE_SEQUENCE.nextval, 4.13,1.239,46,0.0,30,1.57,'Lait de chèvre. demi-écrémé. UHT',3.77,0.15,4.13,17),
(HIBERNATE_SEQUENCE.nextval, 4.01,1.203,58,0.0,30,3.2,'Lait de chèvre. entier. cru',3.22,0.091,4.01,17),
(HIBERNATE_SEQUENCE.nextval, 4.35,1.305,56,0.0,30,2.83,'Lait de chèvre. entier. UHT',3.39,0.13,4.35,17),
(HIBERNATE_SEQUENCE.nextval, 55.0,16.5,0,2.48,30,25.3,'Lait 1er âge. poudre soluble (préparation pour nourrissons)',10.9,0.4,38.7,18),
(HIBERNATE_SEQUENCE.nextval, 8.6,2.58,73,0.5,30,3.54,'Lait 1er âge. prêt à consommer (préparation pour nourrissons)',1.44,0.057,7.2,18),
(HIBERNATE_SEQUENCE.nextval, 56.3,16.89,485,2.14,30,23.2,'Lait 2e âge. poudre soluble (préparation de suite)',11.6,0.46,36.4,18),
(HIBERNATE_SEQUENCE.nextval, 8.1,2.43,69,0.5,30,3.23,'Lait 2e âge. prêt à consommer (préparation pour nourrissons)',1.66,0.065,5.5,18),
(HIBERNATE_SEQUENCE.nextval, 9.1,2.73,51,2.55,30,0.24,'Betterave rouge. crue',1.74,0.15,6.76,19),
(HIBERNATE_SEQUENCE.nextval, 6.45,1.935,36,2.7,30,0.26,'Carotte. crue',0.77,0.098,5.42,19),
(HIBERNATE_SEQUENCE.nextval, 1.23,0.369,20,3.36,30,0.31,'Haricot vert. appertisé. égoutté',1.33,0.69,0.46,19),
(HIBERNATE_SEQUENCE.nextval, 3.8,1.14,25,2.2,30,0.2,'Navet. cuit',0.9,0.073,2.9,19),
(HIBERNATE_SEQUENCE.nextval, 15.3,4.59,83,3.3,30,0.27,'Salsifis noir. cru',3.21,0.031,0.0,19),
(HIBERNATE_SEQUENCE.nextval, 4.25,1.275,29,2.5,30,0.15,'Salsifis. appertisé. égoutté',1.38,0.71,1.0,19),
(HIBERNATE_SEQUENCE.nextval, 12.3,3.69,68,3.1,30,0.17,'Salsifis. cuit',2.74,0.04,2.9,19),
(HIBERNATE_SEQUENCE.nextval, 4.15,1.245,40,5.8,30,0.15,'Salsifis. surgelé. cru',2.65,0.043,2.5,19),
(HIBERNATE_SEQUENCE.nextval, 16.3,4.89,122,6.0,30,0.7,'Lentille blonde. cuite',9.7,0.13,0.4,20),
(HIBERNATE_SEQUENCE.nextval, 48.3,14.49,339,12.1,30,1.9,'Lentille blonde. sèche',26.1,0.13,1.4,20),
(HIBERNATE_SEQUENCE.nextval, 15.0,4.5,123,8.2,30,0.5,'Lentille corail. cuite',10.6,0.13,0.26,20),
(HIBERNATE_SEQUENCE.nextval, 15.0,4.5,122,5.45,30,2.68,'Pois chiche. appertisé. égoutté',6.74,0.54,0.5,20),
(HIBERNATE_SEQUENCE.nextval, 14.4,4.32,61,0.8,30,0.1,'Vermicelle de soja. cuite. non salée',0.57,0.0063,0.0,22),
(HIBERNATE_SEQUENCE.nextval, 11.4,3.42,94,2.9,30,3.64,'Tomate à la provençale',2.5,0.9,4.6,24),
(HIBERNATE_SEQUENCE.nextval, 4.64,1.392,89,0.026,30,4.5,'Fromage blanc nature ou aux fruits (aliment moyen)',7.18,0.11,3.84,29),
(HIBERNATE_SEQUENCE.nextval, 70.8,24.072,415,3.58,34,9.19,'Pain grillé brioché. tranché. préemballé',10.6,1.03,11.0,21),
(HIBERNATE_SEQUENCE.nextval, 16.3,5.705,69,0.14,35,0.057,'Jus de raisin. pur jus',0.25,0.0089,16.0,2),
(HIBERNATE_SEQUENCE.nextval, 4.33,1.5155,152,1.0,35,11.2,'Moutarde',6.92,6.3,1.66,6),
(HIBERNATE_SEQUENCE.nextval, 64.0,22.4,347,9.3,35,3.0,'Farine d épeautre (grand épeautre)',11.4,0.13,1.3,10),
(HIBERNATE_SEQUENCE.nextval, 47.0,16.45,359,10.8,35,6.69,'Farine de pois chiche',22.4,0.16,10.9,10),
(HIBERNATE_SEQUENCE.nextval, 39.8,13.93,0,5.7,35,0.51,'Abricot. dénoyauté. sec',1.86,0.098,36.6,11),
(HIBERNATE_SEQUENCE.nextval, 13.4,4.69,0,1.9,35,0.1,'Coing. cru',0.48,0.01,6.3,11),
(HIBERNATE_SEQUENCE.nextval, 6.0,2.1,0,4.45,35,0.31,'Figue de Barbarie. pulpe et graines. crue',0.51,0.012,1.02,11),
(HIBERNATE_SEQUENCE.nextval, 14.3,5.005,0,2.63,35,0.3,'Figue. crue',0.85,0.0038,14.3,11),
(HIBERNATE_SEQUENCE.nextval, 14.2,4.97,76,2.3,35,0.74,'Grenade. pulpe et pépins. crue',1.29,0.0075,13.7,11),
(HIBERNATE_SEQUENCE.nextval, 8.9,3.115,0,1.7,35,0.31,'Nectarine ou brugnon. pulpe et peau. crue',1.16,0.0027,7.89,11),
(HIBERNATE_SEQUENCE.nextval, 7.92,2.772,47,2.2,35,0.36,'Orange. pulpe. crue',1.1,0.0031,7.92,11),
(HIBERNATE_SEQUENCE.nextval, 14.1,4.935,0,0.92,35,0.038,'Pêche au sirop léger. appertisée. non égouttée',0.31,0.0022,12.9,11),
(HIBERNATE_SEQUENCE.nextval, 11.6,4.06,0,1.6,35,0.1,'Pomme Canada. pulpe. crue',0.4,0.0092,11.0,11),
(HIBERNATE_SEQUENCE.nextval, 55.7,19.495,0,7.35,35,0.63,'Pruneau. sec',2.82,0.0081,38.1,11),
(HIBERNATE_SEQUENCE.nextval, 3.56,1.246,520,26.9,35,42.2,'Lin. brun. graine',18.0,0.095,1.4,12),
(HIBERNATE_SEQUENCE.nextval, 6.6,2.31,491,27.3,35,36.6,'Lin. graine',20.2,0.051,1.55,12),
(HIBERNATE_SEQUENCE.nextval, 10.1,3.535,637,6.4,35,55.5,'Tournesol. graine',21.3,0.011,2.62,12),
(HIBERNATE_SEQUENCE.nextval, 15.1,5.285,604,9.0,35,49.8,'Tournesol. graine. grillé. salé',19.3,1.64,2.73,12),
(HIBERNATE_SEQUENCE.nextval, 21.8,7.63,334,22.5,35,4.5,'Levure alimentaire',40.4,0.35,2.5,16),
(HIBERNATE_SEQUENCE.nextval, 33.2,11.62,0,1.9,35,0.2,'Levure chimique ou Poudre à lever',1.96,35.4,0.1,16),
(HIBERNATE_SEQUENCE.nextval, 11.9,4.165,0,7.15,35,1.9,'Levure de boulanger. compressée',8.23,0.058,0.0,16),
(HIBERNATE_SEQUENCE.nextval, 4.3,1.505,32,3.7,35,0.2,'Céleri-rave. cru',1.5,0.2,3.6,19),
(HIBERNATE_SEQUENCE.nextval, 3.48,1.218,24,1.68,35,0.23,'Haricot beurre. appertisé. égoutté',1.22,0.66,0.86,19),
(HIBERNATE_SEQUENCE.nextval, 5.6,1.96,36,2.45,35,0.16,'Haricot beurre. cru',1.85,0.015,0.0,19),
(HIBERNATE_SEQUENCE.nextval, 4.9,1.715,34,2.33,35,0.17,'Haricot beurre. surgelé. cru',2.0,0.0092,2.5,19),
(HIBERNATE_SEQUENCE.nextval, 7.1,2.485,56,4.3,35,0.37,'Petits pois et carottes. surgelés. crus',3.89,0.082,3.43,19),
(HIBERNATE_SEQUENCE.nextval, 7.0,2.45,67,5.5,35,0.55,'Petits pois. crus',5.84,0.0088,5.67,19),
(HIBERNATE_SEQUENCE.nextval, 4.7,1.645,61,5.8,35,0.87,'Petits pois. cuits',5.8,0.018,1.8,19),
(HIBERNATE_SEQUENCE.nextval, 8.0,2.8,86,4.8,35,2.8,'Petits pois. purée',4.8,0.74,3.0,19),
(HIBERNATE_SEQUENCE.nextval, 8.77,3.0695,75,6.45,35,0.44,'Petits pois. surgelés. crus',5.86,0.09,3.87,19),
(HIBERNATE_SEQUENCE.nextval, 7.95,2.7825,66,5.5,35,0.27,'Petits pois. surgelés. cuits',5.15,0.18,4.65,19),
(HIBERNATE_SEQUENCE.nextval, 43.3,15.155,282,12.3,35,2.99,'Tomate. séchée',14.2,0.62,37.6,19),
(HIBERNATE_SEQUENCE.nextval, 10.9,3.815,87,7.0,35,0.4,'Haricot blanc. appertisé. égoutté',6.57,0.69,0.52,20),
(HIBERNATE_SEQUENCE.nextval, 10.3,3.605,106,13.8,35,1.1,'Haricot blanc. cuit',6.75,0.023,0.26,20),
(HIBERNATE_SEQUENCE.nextval, 43.9,15.365,302,16.8,35,1.78,'Haricot blanc. sec',19.1,0.028,1.92,20),
(HIBERNATE_SEQUENCE.nextval, 17.7,6.195,147,8.2,35,3.0,'Pois chiche. cuit',8.31,0.027,0.3,20),
(HIBERNATE_SEQUENCE.nextval, 50.8,17.78,281,3.42,35,4.35,'Pain de mie. courant',7.61,1.24,6.03,21),
(HIBERNATE_SEQUENCE.nextval, 46.3,16.205,236,8.9,35,1.24,'Pain de seigle. et froment',5.58,1.33,1.9,21),
(HIBERNATE_SEQUENCE.nextval, 58.6,20.51,365,6.7,35,7.02,'Amarante. crue',13.5,0.01,1.68,22),
(HIBERNATE_SEQUENCE.nextval, 18.8,6.58,115,2.8,35,1.92,'Quinoa. bouilli/cuit à l eau. non salé',4.1,0.018,0.87,22),
(HIBERNATE_SEQUENCE.nextval, 20.1,7.035,89,0.5,35,0.5,'Vermicelle de riz. cuite. non salée',1.43,0.024,0.2,22),
(HIBERNATE_SEQUENCE.nextval, 80.5,28.175,363,1.2,35,1.0,'Vermicelle de riz. sèche',7.44,0.03,0.0,22),
(HIBERNATE_SEQUENCE.nextval, 10.1,3.535,161,3.86,35,7.86,'Cassoulet au canard ou oie. appertisé',10.5,1.05,1.09,24),
(HIBERNATE_SEQUENCE.nextval, 18.7,6.545,252,7.7,35,14.4,'Falafel ou Boulette de pois-chiche et/ou fève. frite',8.25,1.6,1.4,24),
(HIBERNATE_SEQUENCE.nextval, 0.0,0.0,172,0.0,35,10.8,'Hareng gras. cru',18.7,0.13,0.0,25),
(HIBERNATE_SEQUENCE.nextval, 0.0,0.0,147,0.0,35,6.51,'Bar commun ou loup. rôti/cuit au four',22.2,0.17,0.0,26),
(HIBERNATE_SEQUENCE.nextval, 0.5,0.175,173,0.0,35,11.7,'Hareng fumé. au naturel',16.5,3.98,0.0,26),
(HIBERNATE_SEQUENCE.nextval, 0.1,0.035,162,0.5,35,9.9,'Hareng fumé. filet. doux',18.1,3.78,0.0,26),
(HIBERNATE_SEQUENCE.nextval, 0.0,0.0,201,0.0,35,12.1,'Hareng. frit',23.0,0.0,0.0,26),
(HIBERNATE_SEQUENCE.nextval, 8.0,2.8,211,0.0,35,13.8,'Hareng mariné ou rollmops',13.7,2.56,1.9,28),
(HIBERNATE_SEQUENCE.nextval, 2.8,0.98,0,0.0,35,5.0,'Yaourt au lait de chèvre. nature. 5% MG environ',5.72,0.098,2.8,29),
(HIBERNATE_SEQUENCE.nextval, 12.2,4.27,89,0.17,35,2.6,'Yaourt. lait fermenté ou spécialité laitière. aromatisé. sucré',3.42,0.15,12.1,29),
(HIBERNATE_SEQUENCE.nextval, 3.54,1.239,57,0.0,35,2.57,'Yaourt. lait fermenté ou spécialité laitière. nature',4.12,0.12,3.54,29),
(HIBERNATE_SEQUENCE.nextval, 5.2,1.82,75,0.5,35,5.38,'Sauce à la crème aux herbes',1.25,1.36,0.69,30),
(HIBERNATE_SEQUENCE.nextval, 2.62,1.048,0,0.0,40,0.0,'Cidre brut',0.0,0.01,2.22,1),
(HIBERNATE_SEQUENCE.nextval, 0.0,0.0,0,0.0,40,0.0,'Chicorée et café. instantané. non sucré. prêt à boire (reconstituée avec de l eau)',0.0,0.0,0.0,2),
(HIBERNATE_SEQUENCE.nextval, 6.55,2.62,0,0.33,40,0.1,'Jus de carotte. pur jus',0.4,0.1,5.95,2),
(HIBERNATE_SEQUENCE.nextval, 11.9,4.76,75,1.7,40,1.52,'Flocons d avoine. bouillis/cuits à l eau',2.49,0.01,0.27,3),
(HIBERNATE_SEQUENCE.nextval, 66.5,26.6,480,2.65,40,20.1,'Sablé à la noix de coco',7.1,0.74,24.2,3),
(HIBERNATE_SEQUENCE.nextval, 61.2,24.48,499,3.0,40,24.6,'Sablé au cacao ou chocolat. au praliné ou autre',6.63,0.94,27.3,3),
(HIBERNATE_SEQUENCE.nextval, 66.0,26.4,485,2.55,40,21.4,'Sablé aux fruits (pomme. fruits rouges. etc.)',5.85,0.56,32.0,3),
(HIBERNATE_SEQUENCE.nextval, 59.4,23.76,484,3.3,40,22.9,'Sablé pâtissier',8.38,0.41,0.0,3),
(HIBERNATE_SEQUENCE.nextval, 62.5,25.0,334,12.5,40,1.52,'Farine de blé tendre ou froment T150',11.4,0.035,1.77,10),
(HIBERNATE_SEQUENCE.nextval, 57.9,23.16,364,10.2,40,6.51,'Flocon d avoine',13.3,0.014,0.97,10),
(HIBERNATE_SEQUENCE.nextval, 53.7,21.48,256,9.72,40,0.87,'Figue. sèche',2.99,0.22,48.7,11),
(HIBERNATE_SEQUENCE.nextval, 8.83,3.532,0,1.5,40,0.29,'Prune. crue',0.66,0.0075,8.83,11),
(HIBERNATE_SEQUENCE.nextval, 16.0,6.4,636,5.0,40,52.5,'Beurre de cacahuète ou Pâte d arachide',22.2,0.99,10.5,12),
(HIBERNATE_SEQUENCE.nextval, 61.4,24.56,337,1.0,40,7.55,'Far aux pruneaux',5.5,0.75,22.6,13),
(HIBERNATE_SEQUENCE.nextval, 9.29,3.716,133,0.0,40,7.54,'Lait concentré non sucré. entier',6.89,0.28,9.29,17),
(HIBERNATE_SEQUENCE.nextval, 4.2,1.68,62,5.85,40,0.67,'Fève à écosser. fraîche',6.76,0.094,0.37,20),
(HIBERNATE_SEQUENCE.nextval, 55.1,22.04,278,3.25,40,1.98,'Pain (aliment moyen)',8.22,1.57,3.32,21),
(HIBERNATE_SEQUENCE.nextval, 52.1,20.84,253,2.6,40,0.9,'Pain blanc maison (avec farine pour machine à pain)',7.81,1.45,0.0,21),
(HIBERNATE_SEQUENCE.nextval, 55.7,22.28,374,10.6,40,6.9,'Avoine. crue',16.9,0.005,1.2,22),
(HIBERNATE_SEQUENCE.nextval, 65.8,26.32,331,3.0,40,1.79,'Pâtes sèches standard. crues',11.5,0.031,2.12,22),
(HIBERNATE_SEQUENCE.nextval, 25.0,10.0,125,1.9,40,0.55,'Pâtes sèches standard. cuites. non salées',3.99,0.01,0.6,22),
(HIBERNATE_SEQUENCE.nextval, 67.6,27.04,350,6.1,40,2.2,'Pâtes sèches. au blé complet. crues',11.8,0.016,1.8,22),
(HIBERNATE_SEQUENCE.nextval, 23.4,9.36,127,3.3,40,0.9,'Pâtes sèches. au blé complet. cuites. non salées',4.55,0.01,0.6,22),
(HIBERNATE_SEQUENCE.nextval, 68.0,27.2,377,3.15,40,4.72,'Pâtes sèches. aux œufs. crues',14.0,0.085,2.19,22),
(HIBERNATE_SEQUENCE.nextval, 23.0,9.2,132,2.0,40,2.0,'Pâtes sèches. aux œufs. cuites. non salées',4.57,0.01,0.8,22),
(HIBERNATE_SEQUENCE.nextval, 79.0,31.6,354,1.22,40,1.24,'Pâtes sèches. sans gluten. crues',6.17,0.0078,0.38,22),
(HIBERNATE_SEQUENCE.nextval, 34.4,13.76,162,1.0,40,1.1,'Pâtes sèches. sans gluten. cuites. non salées',3.09,0.015,0.49,22),
(HIBERNATE_SEQUENCE.nextval, 64.6,25.84,356,7.0,40,3.55,'Sarrasin entier. cru',12.9,0.0025,0.0,22),
(HIBERNATE_SEQUENCE.nextval, 41.4,16.56,255,3.02,40,5.06,'Pâtes fraîches farcies (ex : ravioli). aux légumes. crues',9.4,0.81,3.14,24),
(HIBERNATE_SEQUENCE.nextval, 24.1,9.64,215,2.23,40,7.69,'Pâtes fraîches farcies (ex : raviolis. ravioles du Dauphiné). au fromage. crues',11.3,1.13,3.83,24),
(HIBERNATE_SEQUENCE.nextval, 18.7,7.48,133,1.2,40,3.86,'Pâtes fraîches farcies (ex : raviolis. ravioles du Dauphiné). au fromage. cuites',5.35,0.53,0.8,24),
(HIBERNATE_SEQUENCE.nextval, 42.5,17.0,274,3.15,40,5.79,'Pâtes fraîches farcies (ex : raviolis). à la viande (ex : bolognaise). crues',11.4,1.28,3.91,24),
(HIBERNATE_SEQUENCE.nextval, 25.1,10.04,174,2.15,40,4.65,'Pâtes fraîches farcies (ex : raviolis). à la viande (ex : bolognaise). cuites',6.94,0.52,1.0,24),
(HIBERNATE_SEQUENCE.nextval, 42.2,16.88,266,2.87,40,5.69,'Pâtes fraîches farcies (ex : raviolis). au fromage et aux légumes. crues',9.98,1.07,3.46,24),
(HIBERNATE_SEQUENCE.nextval, 23.7,9.48,175,3.2,40,5.6,'Pâtes fraîches farcies (ex : raviolis). au fromage et aux légumes. cuites',5.81,0.62,2.3,24),
(HIBERNATE_SEQUENCE.nextval, 20.8,8.32,155,3.7,40,4.9,'Pâtes fraîches farcies (ex : raviolis). aux légumes. cuites',5.19,0.49,1.89,24),
(HIBERNATE_SEQUENCE.nextval, 21.6,8.64,153,1.96,40,4.38,'Pâtes fraîches farcies (ex : raviolis). cuites (aliment moyen)',5.95,0.53,1.09,24),
(HIBERNATE_SEQUENCE.nextval, 7.83,3.5235,39,0.25,45,0.13,'Jus d orange. à base de concentré',0.63,0.0084,7.83,2),
(HIBERNATE_SEQUENCE.nextval, 9.44,4.248,45,0.2,45,0.2,'Jus d orange. maison',0.66,0.0035,8.4,2),
(HIBERNATE_SEQUENCE.nextval, 7.67,3.4515,38,0.21,45,0.1,'Jus de pamplemousse (pomélo). à base de concentré',0.52,0.01,7.67,2),
(HIBERNATE_SEQUENCE.nextval, 58.3,26.235,409,7.67,45,9.33,'Biscuit apéritif soufflé. à base de pomme de terre et de soja',19.0,2.08,7.17,3),
(HIBERNATE_SEQUENCE.nextval, 46.0,20.7,535,3.37,45,32.2,'Biscuit apéritif. crackers. garni ou fourré. au fromage',13.8,1.89,5.33,3),
(HIBERNATE_SEQUENCE.nextval, 59.0,26.55,499,3.14,45,23.9,'Biscuit apéritif. crackers. nature',10.5,2.3,5.44,3),
(HIBERNATE_SEQUENCE.nextval, 79.6,35.82,386,5.24,45,2.93,'Céréales chocolatées pour petit déjeuner. non fourrées. (non enrichies en vitamines et minéraux)',7.73,0.41,31.2,3),
(HIBERNATE_SEQUENCE.nextval, 11.0,4.95,53,1.33,45,0.24,'Ananas. pulpe. cru',0.52,0.0024,10.4,11),
(HIBERNATE_SEQUENCE.nextval, 16.6,7.47,73,1.0,45,0.5,'Raisin blanc. à gros grain (type Italia ou Dattier). cru',0.75,0.013,15.5,11),
(HIBERNATE_SEQUENCE.nextval, 15.6,7.02,0,1.4,45,0.4,'Raisin noir. cru',0.6,0.0075,15.0,11),
(HIBERNATE_SEQUENCE.nextval, 6.22,2.799,358,9.0,45,33.5,'Noix de coco. amande immature. fraîche',3.33,0.05,6.22,12),
(HIBERNATE_SEQUENCE.nextval, 29.6,13.32,132,2.3,45,0.39,'Banane plantain. crue',1.28,0.01,0.0,19),
(HIBERNATE_SEQUENCE.nextval, 7.59,3.4155,50,3.27,45,0.33,'Petits pois et carottes. appertisés. égouttés',2.57,0.61,3.89,19),
(HIBERNATE_SEQUENCE.nextval, 44.4,19.98,253,6.21,45,3.28,'Pain au son',8.3,1.65,2.04,21),
(HIBERNATE_SEQUENCE.nextval, 46.0,20.7,275,7.0,45,5.5,'Pain de mie. au son',6.84,1.35,3.53,21),
(HIBERNATE_SEQUENCE.nextval, 43.6,19.62,271,5.74,45,5.41,'Pain de mie. multicéréale',8.81,1.29,4.42,21),
(HIBERNATE_SEQUENCE.nextval, 14.1,6.345,80,4.5,45,0.24,'Boulgour de blé. cuit. non salé',3.08,0.021,0.1,22),
(HIBERNATE_SEQUENCE.nextval, 72.7,32.715,360,4.33,45,1.45,'Couscous (semoule de blé dur roulée précuite à la vapeur). crue',12.0,0.013,2.95,22),
(HIBERNATE_SEQUENCE.nextval, 59.5,26.775,340,10.7,45,2.43,'Épeautre. cru',14.6,0.02,6.68,22),
(HIBERNATE_SEQUENCE.nextval, 78.0,35.1,350,1.05,45,0.91,'Riz blanc. cru',7.04,0.0061,0.16,22),
(HIBERNATE_SEQUENCE.nextval, 61.0,27.45,331,15.0,45,1.97,'Seigle entier. cru',9.83,0.0073,0.98,22),
(HIBERNATE_SEQUENCE.nextval, 6.2,2.79,81,0.7,45,5.5,'Sauce à la crème aux épices',1.25,1.38,0.7,30),
(HIBERNATE_SEQUENCE.nextval, 11.2,5.6,50,0.18,50,0.096,'Jus d ananas. à base de concentré',0.41,0.011,11.2,2),
(HIBERNATE_SEQUENCE.nextval, 12.0,6.0,53,0.22,50,0.074,'Jus d ananas. pur jus',0.41,0.013,12.0,2),
(HIBERNATE_SEQUENCE.nextval, 9.79,4.895,43,0.23,50,0.14,'Jus de pomme. pur jus',0.17,0.022,9.36,2),
(HIBERNATE_SEQUENCE.nextval, 62.1,31.05,489,3.1,50,23.0,'Biscuit apéritif soufflé. à base de maïs. sans cacahuète',6.96,2.48,2.79,3),
(HIBERNATE_SEQUENCE.nextval, 58.0,29.0,366,10.6,50,7.7,'Flocon d avoine précuit',11.0,0.011,1.84,3),
(HIBERNATE_SEQUENCE.nextval, 14.3,7.15,0,3.7,50,0.5,'Kaki. pulpe. cru',0.5,0.13,14.3,11),
(HIBERNATE_SEQUENCE.nextval, 8.44,4.22,59,3.5,50,0.95,'Kiwi. pulpe et graines. cru',1.2,0.0086,7.89,11),
(HIBERNATE_SEQUENCE.nextval, 15.2,7.6,0,1.3,50,0.42,'Litchi. pulpe. cru',0.76,0.0025,15.2,11),
(HIBERNATE_SEQUENCE.nextval, 13.7,6.85,64,1.7,50,0.31,'Mangue. pulpe. crue',0.62,0.0045,11.0,11),
(HIBERNATE_SEQUENCE.nextval, 13.7,6.85,0,0.5,50,0.5,'Jus d ananas pour ananas appertisé au jus',0.5,0.0014,12.2,16),
(HIBERNATE_SEQUENCE.nextval, 7.02,3.51,50,3.1,50,0.42,'Petits pois et carottes. surgelés. cuits',3.09,0.17,4.36,19),
(HIBERNATE_SEQUENCE.nextval, 32.9,16.45,212,7.07,50,1.87,'Muffin anglais. complet. petit pain spécial. préemballé',12.5,0.98,2.13,21),
(HIBERNATE_SEQUENCE.nextval, 49.3,24.65,435,5.3,50,21.5,'Pain au lait. artisanal',8.49,1.14,8.6,21),
(HIBERNATE_SEQUENCE.nextval, 46.7,23.35,237,5.1,50,0.9,'Pain de campagne maison (avec farine pour machine à pain)',7.98,1.34,0.0,21),
(HIBERNATE_SEQUENCE.nextval, 53.8,26.9,279,3.17,50,1.87,'Pâtes fraîches. aux œufs. crues',10.1,0.35,2.54,22),
(HIBERNATE_SEQUENCE.nextval, 71.4,35.7,349,5.0,50,2.8,'Riz complet. cru',7.02,0.01,0.66,22),
(HIBERNATE_SEQUENCE.nextval, 12.5,6.25,128,2.53,50,4.73,'Couscous à la viande',7.59,0.78,1.97,24),
(HIBERNATE_SEQUENCE.nextval, 28.3,14.15,166,0.98,50,3.57,'Riz blanc. cuit. avec légumes et viande',4.61,0.85,1.91,24),
(HIBERNATE_SEQUENCE.nextval, 0.0,0.0,113,0.0,50,3.58,'Bar rayé ou bar d Amérique. cru',20.3,0.19,0.0,25),
(HIBERNATE_SEQUENCE.nextval, 18.3,9.15,86,2.87,50,0.15,'Patate douce. crue',1.51,0.098,5.64,27),
(HIBERNATE_SEQUENCE.nextval, 12.2,6.1,63,2.9,50,0.15,'Patate douce. cuite',1.69,0.079,6.11,27),
(HIBERNATE_SEQUENCE.nextval, 11.5,5.75,61,2.1,50,0.31,'Topinambour. cru',1.94,0.0088,9.6,27),
(HIBERNATE_SEQUENCE.nextval, 11.8,5.9,125,0.33,50,4.92,'Surimi. bâtonnets. tranche ou râpé saveur crabe',8.31,1.58,2.1,28),
(HIBERNATE_SEQUENCE.nextval, 25.7,12.85,0,0.82,50,0.32,'Sorbet. bâtonnet',0.28,0.039,23.1,31),
(HIBERNATE_SEQUENCE.nextval, 29.6,14.8,0,1.17,50,0.78,'Sorbet. en bac',0.47,0.045,25.0,31),
(HIBERNATE_SEQUENCE.nextval, 9.5,5.225,0,0.0,55,0.0,'Jus de mangue. frais',0.19,0.028,9.3,2),
(HIBERNATE_SEQUENCE.nextval, 18.7,10.285,0,0.45,55,0.039,'Jus de pruneau',0.37,0.025,13.5,2),
(HIBERNATE_SEQUENCE.nextval, 53.7,29.535,509,2.69,55,26.5,'Biscuit apéritif feuilleté',12.3,2.54,1.86,3),
(HIBERNATE_SEQUENCE.nextval, 61.0,33.55,486,3.81,55,24.1,'Biscuit apéritif soufflé. à base de pomme de terre',4.25,3.14,1.61,3),
(HIBERNATE_SEQUENCE.nextval, 2.2,1.21,142,4.5,55,9.9,'Moutarde à l ancienne',6.6,4.9,2.2,6),
(HIBERNATE_SEQUENCE.nextval, 13.8,7.59,0,1.5,55,0.5,'Pêche au sirop léger. appertisée. égouttée',0.5,0.033,13.1,11),
(HIBERNATE_SEQUENCE.nextval, 66.8,36.74,348,9.57,55,1.71,'Boulgour de blé. cru',11.5,0.043,0.41,22),
(HIBERNATE_SEQUENCE.nextval, 28.2,15.51,141,4.0,55,0.69,'Riz rouge. cuit. non salé',3.45,0.0088,0.0,22),
(HIBERNATE_SEQUENCE.nextval, 22.6,12.43,191,0.7,55,7.6,'Sushi ou Maki aux produits de la mer',7.75,0.51,4.1,24),
(HIBERNATE_SEQUENCE.nextval, 36.3,19.965,157,1.8,55,0.29,'Manioc. racine crue',1.31,0.035,1.7,27),
(HIBERNATE_SEQUENCE.nextval, 32.0,17.6,132,0.4,55,0.043,'Manioc. racine cuite',0.69,0.0,0.0,27),
(HIBERNATE_SEQUENCE.nextval, 12.1,6.655,80,4.5,55,2.0,'Patate douce. purée. cuisinée à la crème',1.1,0.56,7.5,27),
(HIBERNATE_SEQUENCE.nextval, 21.4,11.77,99,1.15,55,0.19,'Ketchup',1.27,2.59,20.8,30),
(HIBERNATE_SEQUENCE.nextval, 75.6,45.36,379,10.5,60,3.29,'Poudre cacaotée ou au chocolat pour boisson. sucrée',6.65,0.21,67.9,2),
(HIBERNATE_SEQUENCE.nextval, 85.0,51.0,386,5.3,60,2.04,'Poudre cacaotée ou au chocolat pour boisson. sucrée. enrichie en vitamines',4.29,0.31,82.7,2),
(HIBERNATE_SEQUENCE.nextval, 79.3,47.58,376,6.48,60,3.04,'Poudre cacaotée ou au chocolat sucrée pour boisson. enrichie en vitamines et minéraux',4.68,0.43,76.7,2),
(HIBERNATE_SEQUENCE.nextval, 79.4,47.64,402,0.0,60,5.03,'Poudre maltée. cacaotée ou au chocolat pour boisson. sucrée. enrichie en vitamines et minéraux',9.9,0.55,78.5,2),
(HIBERNATE_SEQUENCE.nextval, 54.8,32.88,487,3.99,60,22.9,'Biscuit apéritif soufflé. à base de maïs. à la cacahuète',13.3,1.88,3.13,3),
(HIBERNATE_SEQUENCE.nextval, 85.0,51.0,396,2.2,60,1.9,'Poudre cacaotée pour bébé',8.5,0.044,44.5,4),
(HIBERNATE_SEQUENCE.nextval, 74.0,44.4,346,2.5,60,1.0,'Farine de blé tendre ou froment avec levure incorporée',9.12,0.0,2.5,10),
(HIBERNATE_SEQUENCE.nextval, 13.7,8.22,0,1.4,60,0.5,'Abricot au sirop léger. appertisé. égoutté',0.94,0.024,13.3,11),
(HIBERNATE_SEQUENCE.nextval, 6.57,3.942,33,0.93,60,0.2,'Melon cantaloup (par ex.: Charentais. de Cavaillon) pulpe. cru',0.73,0.022,6.43,11),
(HIBERNATE_SEQUENCE.nextval, 4.3,2.58,0,0.75,60,0.17,'Melon miel ou melon honeydew. pulpe. cru',0.58,0.06,4.3,11),
(HIBERNATE_SEQUENCE.nextval, 9.9,5.94,0,1.9,60,0.28,'Papaye. pulpe. crue',0.58,0.013,7.46,11),
(HIBERNATE_SEQUENCE.nextval, 28.8,17.28,144,4.0,60,1.4,'Châtaigne ou Marron. appertisé',1.96,0.13,3.9,12),
(HIBERNATE_SEQUENCE.nextval, 52.0,31.2,369,2.72,60,13.5,'Pain au lait aux pépites de chocolat. préemballé',8.51,0.93,18.0,21),
(HIBERNATE_SEQUENCE.nextval, 24.4,14.64,118,3.8,60,0.44,'Orge perlée. bouilli/cuite à l eau. non salée',2.26,0.0075,0.28,22),
(HIBERNATE_SEQUENCE.nextval, 32.6,19.56,157,2.3,60,1.0,'Riz complet. cuit. non salé',3.21,0.01,0.2,22),
(HIBERNATE_SEQUENCE.nextval, 69.2,41.52,342,5.9,60,0.94,'Riz sauvage. cru',11.1,0.0068,2.5,22),
(HIBERNATE_SEQUENCE.nextval, 19.7,11.82,101,1.8,60,0.34,'Riz sauvage. cuit. non salé',3.8,0.0075,0.73,22),
(HIBERNATE_SEQUENCE.nextval, 77.8,46.68,351,0.92,60,0.84,'Riz thaï ou basmati. cru',7.67,0.014,0.17,22),
(HIBERNATE_SEQUENCE.nextval, 71.6,42.96,348,3.37,60,1.25,'Semoule de blé dur. crue',10.9,0.003,1.0,22),
(HIBERNATE_SEQUENCE.nextval, 33.8,20.28,284,2.5,60,13.1,'Pissaladière',6.4,2.21,2.9,23),
(HIBERNATE_SEQUENCE.nextval, 26.8,16.08,226,2.27,60,8.21,'Pizza (aliment moyen)',10.2,1.34,3.21,23),
(HIBERNATE_SEQUENCE.nextval, 26.7,16.02,244,2.31,60,9.85,'Pizza 4 fromages',11.1,1.35,3.56,23),
(HIBERNATE_SEQUENCE.nextval, 27.2,16.32,227,2.16,60,8.03,'Pizza à la viande. type bolognaise',10.3,1.32,2.94,23),
(HIBERNATE_SEQUENCE.nextval, 26.9,16.14,245,2.36,60,9.96,'Pizza au chèvre et lardons',10.7,1.49,3.17,23),
(HIBERNATE_SEQUENCE.nextval, 26.5,15.9,248,2.04,60,10.7,'Pizza au chorizo ou salami',10.4,1.54,3.29,23),
(HIBERNATE_SEQUENCE.nextval, 29.6,17.76,226,1.67,60,7.64,'Pizza au fromage ou Pizza margherita',8.93,1.24,2.72,23),
(HIBERNATE_SEQUENCE.nextval, 27.5,16.5,215,2.32,60,6.68,'Pizza au poulet',9.95,1.16,2.96,23),
(HIBERNATE_SEQUENCE.nextval, 26.7,16.02,231,2.31,60,8.78,'Pizza au saumon',10.1,1.22,3.04,23),
(HIBERNATE_SEQUENCE.nextval, 25.7,15.42,240,1.6,60,9.43,'Pizza au speck ou jambon cru',12.2,1.74,3.47,23),
(HIBERNATE_SEQUENCE.nextval, 23.3,13.98,220,2.2,60,8.78,'Pizza au thon',10.8,0.99,3.47,23),
(HIBERNATE_SEQUENCE.nextval, 24.6,14.76,200,0.5,60,6.65,'Pizza aux fruits de mer',10.3,1.25,1.5,23),
(HIBERNATE_SEQUENCE.nextval, 27.7,16.62,255,2.2,60,10.6,'Pizza aux lardons. oignons et fromage',11.2,1.1,3.7,23),
(HIBERNATE_SEQUENCE.nextval, 25.7,15.42,214,2.81,60,8.0,'Pizza aux légumes ou Pizza 4 saisons',8.48,1.1,3.62,23),
(HIBERNATE_SEQUENCE.nextval, 31.6,18.96,217,2.4,60,6.1,'Pizza champignons fromage',7.8,1.13,1.9,23),
(HIBERNATE_SEQUENCE.nextval, 28.0,16.8,218,2.34,60,6.69,'Pizza jambon fromage',10.3,1.5,2.91,23),
(HIBERNATE_SEQUENCE.nextval, 25.7,15.42,205,2.3,60,6.66,'Pizza jambon fromage champignons ou pizza royale. reine ou regina',9.54,1.3,3.16,23),
(HIBERNATE_SEQUENCE.nextval, 26.6,15.96,211,1.85,60,7.01,'Pizza kebab',9.4,1.4,3.04,23),
(HIBERNATE_SEQUENCE.nextval, 27.5,16.5,276,2.4,60,12.7,'Pizza type raclette ou tartiflette',11.8,1.55,2.77,23),
(HIBERNATE_SEQUENCE.nextval, 14.0,8.4,179,1.4,60,10.2,'Lasagnes ou canelloni aux légumes et au fromage de chèvre. cuits',7.0,0.85,2.3,24),
(HIBERNATE_SEQUENCE.nextval, 11.1,6.66,90,1.41,60,2.83,'Ravioli à la viande. sauce tomate. appertisé',4.22,0.96,2.23,24),
(HIBERNATE_SEQUENCE.nextval, 0.0,0.0,90,0.0,60,2.61,'Bar ou loup de l Atlantique. cru',16.6,0.25,0.0,25),
(HIBERNATE_SEQUENCE.nextval, 18.8,11.28,119,0.55,60,3.23,'Semoule au lait. rayon frais',3.46,0.095,13.5,29),
(HIBERNATE_SEQUENCE.nextval, 2.62,1.572,696,0.32,60,75.2,'Mayonnaise (70% MG min.)',1.36,1.39,1.03,30),
(HIBERNATE_SEQUENCE.nextval, 81.3,48.78,327,0.0,60,0.0,'Miel',0.52,0.01,79.8,32),
(HIBERNATE_SEQUENCE.nextval, 9.58,6.227,45,0.28,65,0.11,'Jus d orange. pur jus',0.61,0.012,9.58,2),
(HIBERNATE_SEQUENCE.nextval, 73.2,47.58,381,4.13,65,6.53,'Barre céréalière "équilibre" aux fruits. enrichie en vitamines et minéraux',6.13,0.75,30.4,3),
(HIBERNATE_SEQUENCE.nextval, 67.9,44.135,424,6.03,65,12.3,'Muesli (aliment moyen)',7.4,0.78,25.8,3),
(HIBERNATE_SEQUENCE.nextval, 60.6,39.39,0,0.74,65,0.09,'Confiture d abricot (extra ou classique)',0.32,0.014,57.7,7),
(HIBERNATE_SEQUENCE.nextval, 68.7,44.655,341,3.9,65,0.85,'Farine de blé tendre ou froment T65',12.6,0.03,1.68,10),
(HIBERNATE_SEQUENCE.nextval, 73.2,47.58,352,4.2,65,1.18,'Farine de blé tendre ou froment T80',9.95,0.0,1.77,10),
(HIBERNATE_SEQUENCE.nextval, 13.6,8.84,0,1.4,65,0.5,'Ananas au sirop et jus d ananas. appertisé. égoutté',0.5,0.0,12.8,11),
(HIBERNATE_SEQUENCE.nextval, 13.6,8.84,0,0.92,65,0.5,'Ananas au sirop et jus d ananas. appertisé. non égoutté',0.5,0.00049,12.6,11),
(HIBERNATE_SEQUENCE.nextval, 15.9,10.335,0,1.6,65,0.5,'Ananas au sirop léger. appertisé. égoutté',0.5,0.0048,15.9,11),
(HIBERNATE_SEQUENCE.nextval, 16.0,10.4,0,1.01,65,0.078,'Ananas au sirop léger. appertisé. non égoutté',0.5,0.0047,15.7,11),
(HIBERNATE_SEQUENCE.nextval, 19.6,12.74,90,1.9,65,0.25,'Banane. pulpe. crue',0.98,0.0038,14.8,11),
(HIBERNATE_SEQUENCE.nextval, 15.7,10.205,0,0.9,65,0.16,'Raisin. cru',0.72,0.005,15.5,11),
(HIBERNATE_SEQUENCE.nextval, 62.4,40.56,283,3.6,65,0.49,'Raisin. sec',2.09,0.098,60.6,11),
(HIBERNATE_SEQUENCE.nextval, 57.4,37.31,0,5.1,65,0.6,'Tamarin. fruit immature. pulpe. cru',2.65,0.07,38.8,11),
(HIBERNATE_SEQUENCE.nextval, 70.4,45.76,361,12.6,65,3.43,'Farine de châtaigne',5.69,0.0,0.0,12),
(HIBERNATE_SEQUENCE.nextval, 74.2,48.23,335,3.21,65,2.01,'Pain d épices',3.38,0.47,41.7,13),
(HIBERNATE_SEQUENCE.nextval, 8.56,5.564,47,2.0,65,0.18,'Betterave rouge. cuite',1.84,0.13,7.96,19),
(HIBERNATE_SEQUENCE.nextval, 10.4,6.76,79,4.5,65,0.45,'Fève. cuite',6.01,0.057,1.82,20),
(HIBERNATE_SEQUENCE.nextval, 47.5,30.875,424,2.1,65,22.7,'Pain au chocolat feuilleté. artisanal',6.38,1.18,12.5,21),
(HIBERNATE_SEQUENCE.nextval, 48.0,31.2,426,3.13,65,22.4,'Pain au chocolat. préemballé',6.46,0.88,12.1,21),
(HIBERNATE_SEQUENCE.nextval, 54.2,35.23,354,2.53,65,10.9,'Pain au lait. préemballé',8.52,1.07,12.4,21),
(HIBERNATE_SEQUENCE.nextval, 55.5,36.075,352,3.3,65,9.38,'Pain brioché ou viennois',9.76,1.31,6.9,21),
(HIBERNATE_SEQUENCE.nextval, 40.8,26.52,252,7.3,65,3.7,'Pain complet ou intégral (à la farine T150)',10.2,1.0,2.9,21),
(HIBERNATE_SEQUENCE.nextval, 33.2,21.58,163,1.6,65,0.64,'Couscous (semoule de blé dur roulée précuite à la vapeur). cuite. non salée',5.19,0.035,0.1,22),
(HIBERNATE_SEQUENCE.nextval, 71.0,46.15,366,4.0,65,3.0,'Nouilles asiatiques aromatisées. déshydratées',11.9,0.99,0.5,22),
(HIBERNATE_SEQUENCE.nextval, 32.0,20.8,166,1.5,65,1.3,'Pâtes fraîches. aux œufs. cuites. non salées',5.76,0.042,0.0,22),
(HIBERNATE_SEQUENCE.nextval, 22.2,14.43,105,4.9,65,0.23,'Fruit à pain. cru',1.07,0.005,11.0,27),
(HIBERNATE_SEQUENCE.nextval, 23.6,15.34,109,3.9,65,0.14,'Igname. épluchée. bouillie/cuite à l eau',1.49,0.02,0.49,27),
(HIBERNATE_SEQUENCE.nextval, 78.1,50.765,318,0.0,65,0.5,'Sirop d agave',0.5,0.018,70.2,32),
(HIBERNATE_SEQUENCE.nextval, 67.1,43.615,269,0.0,65,0.06,'Sirop d érable',0.04,0.015,62.6,32),
(HIBERNATE_SEQUENCE.nextval, 8.67,6.069,37,0.0,70,0.078,'Boisson gazeuse. sans jus de fruit. sucrée',0.14,0.091,8.67,2),
(HIBERNATE_SEQUENCE.nextval, 0.11,0.077,1,0.003,70,0.053,'Cola. non sucré. avec édulcorants',0.081,0.024,0.11,2),
(HIBERNATE_SEQUENCE.nextval, 75.7,52.99,0,3.0,70,7.12,'Barre biscuitée fourrée aux fruits. allégée en matière grasse',3.31,0.42,41.9,3),
(HIBERNATE_SEQUENCE.nextval, 59.1,41.37,521,3.31,70,28.8,'Biscuit apéritif à base de pomme de terre. type tuile salée',4.63,1.62,2.86,3),
(HIBERNATE_SEQUENCE.nextval, 75.1,52.57,404,4.19,70,6.14,'Céréales pour petit déjeuner "équilibre" au chocolat. enrichies en vitamines et minéraux',9.99,0.96,24.6,3),
(HIBERNATE_SEQUENCE.nextval, 78.7,55.09,378,4.32,70,1.4,'Céréales pour petit déjeuner "équilibre" aux fruits (non enrichies en vitamines et minéraux)',10.5,1.24,19.0,3),
(HIBERNATE_SEQUENCE.nextval, 60.2,42.14,475,3.0,70,23.8,'Barre à la noix de coco. enrobée de chocolat',3.88,0.5,53.0,5),
(HIBERNATE_SEQUENCE.nextval, 64.5,45.15,336,8.85,70,2.3,'Farine d orge',9.91,0.0081,0.8,10),
(HIBERNATE_SEQUENCE.nextval, 78.1,54.67,361,2.55,70,2.1,'Farine de maïs',6.23,0.0025,0.64,10),
(HIBERNATE_SEQUENCE.nextval, 64.7,45.29,287,7.3,70,0.25,'Datte. pulpe et peau. sèche',1.81,0.098,64.7,11),
(HIBERNATE_SEQUENCE.nextval, 8.56,5.992,685,14.0,70,66.3,'Noix de coco. amande. sèche',6.62,0.068,6.64,12),
(HIBERNATE_SEQUENCE.nextval, 18.4,12.88,106,3.1,70,1.68,'Maïs doux. appertisé. égoutté',2.82,0.59,5.16,19),
(HIBERNATE_SEQUENCE.nextval, 2.0,1.4,17,1.85,70,0.18,'Navet. surgelé. cru',0.82,0.066,1.9,19),
(HIBERNATE_SEQUENCE.nextval, 5.7,3.99,34,2.6,70,0.13,'Rutabaga. cru',1.17,0.028,4.46,19),
(HIBERNATE_SEQUENCE.nextval, 4.26,2.982,26,1.8,70,0.18,'Rutabaga. cuit',0.93,0.013,3.95,19),
(HIBERNATE_SEQUENCE.nextval, 47.3,33.11,269,3.42,70,3.98,'Bagel',9.26,1.08,5.36,21),
(HIBERNATE_SEQUENCE.nextval, 77.1,53.97,414,4.86,70,6.53,'Biscotte classique',9.24,1.5,6.55,21),
(HIBERNATE_SEQUENCE.nextval, 48.3,33.81,363,2.88,70,14.6,'Brioche aux pépites de chocolat',8.16,0.84,14.1,21),
(HIBERNATE_SEQUENCE.nextval, 43.2,30.24,421,4.9,70,23.3,'Croissant au beurre. artisanal',7.1,1.26,5.6,21),
(HIBERNATE_SEQUENCE.nextval, 55.9,39.13,331,2.8,70,9.0,'Pain aux raisins (viennoiserie)',5.11,0.71,18.7,21),
(HIBERNATE_SEQUENCE.nextval, 43.7,30.59,259,6.23,70,4.06,'Pain de mie. complet',8.51,1.18,5.69,21),
(HIBERNATE_SEQUENCE.nextval, 64.3,45.01,356,8.5,70,4.21,'Mil entier. cru',11.0,0.0068,0.0,22),
(HIBERNATE_SEQUENCE.nextval, 13.5,9.45,65,1.3,70,0.31,'Polenta ou semoule de maïs. cuite. non salée',1.38,0.01,0.2,22),
(HIBERNATE_SEQUENCE.nextval, 31.7,22.19,146,1.1,70,0.56,'Riz blanc étuvé. cuit. non salé',2.95,0.0059,0.11,22),
(HIBERNATE_SEQUENCE.nextval, 31.8,22.26,144,0.8,70,0.41,'Riz blanc. cuit. non salé',2.92,0.01,0.2,22),
(HIBERNATE_SEQUENCE.nextval, 21.9,15.33,166,3.6,70,5.5,'Ravioli chinois à la vapeur à la crevette. cuit',5.5,0.96,1.04,24),
(HIBERNATE_SEQUENCE.nextval, 13.1,9.17,89,1.7,70,2.45,'Raviolis aux légumes. sauce tomate. appertisés',2.88,0.76,2.74,24),
(HIBERNATE_SEQUENCE.nextval, 30.9,21.63,194,0.7,70,5.16,'Risotto. aux fromages',5.65,0.82,0.58,24),
(HIBERNATE_SEQUENCE.nextval, 12.5,8.75,129,1.15,70,6.07,'Risotto. aux fruits de mer',5.47,0.85,2.02,24),
(HIBERNATE_SEQUENCE.nextval, 15.5,10.85,125,0.82,70,5.06,'Risotto. aux légumes',4.06,0.57,1.72,24),
(HIBERNATE_SEQUENCE.nextval, 28.9,20.23,125,2.3,70,0.18,'Banane plantain. cuite',0.79,0.013,14.0,27),
(HIBERNATE_SEQUENCE.nextval, 62.1,43.47,463,5.19,70,19.8,'Chips de pommes de terre et assimilés. allégées en matière grasse',6.58,1.22,2.49,27),
(HIBERNATE_SEQUENCE.nextval, 14.9,10.43,72,2.13,70,0.1,'Pomme de terre primeur. sans peau. bouillie/cuite à l eau',1.84,0.0,0.0,27),
(HIBERNATE_SEQUENCE.nextval, 16.7,11.69,81,1.8,70,0.34,'Pomme de terre. bouillie/cuite à l eau',1.8,0.052,0.86,27),
(HIBERNATE_SEQUENCE.nextval, 74.7,52.29,300,0.0,70,0.1,'Mélasse de canne',0.0,0.093,74.7,32),
(HIBERNATE_SEQUENCE.nextval, 98.7,69.09,398,0.0,70,0.0,'Sucre allégé à l aspartame',0.81,0.0045,98.7,32),
(HIBERNATE_SEQUENCE.nextval, 99.7,69.79,399,0.0,70,0.0,'Sucre blanc',0.0,0.0054,99.7,32),
(HIBERNATE_SEQUENCE.nextval, 97.1,67.97,389,0.0,70,0.0,'Sucre roux',0.12,0.1,95.5,32),
(HIBERNATE_SEQUENCE.nextval, 98.6,69.02,398,0.37,70,0.33,'Sucre vanillé',0.1,0.0094,97.2,32),
(HIBERNATE_SEQUENCE.nextval, 73.7,55.275,346,3.2,75,1.0,'Farine de blé tendre ou froment T55 (pour pains)',9.03,0.13,1.5,10),
(HIBERNATE_SEQUENCE.nextval, 7.38,5.535,35,0.45,75,0.13,'Pastèque. pulpe. crue',0.62,0.0073,6.9,11),
(HIBERNATE_SEQUENCE.nextval, 66.4,49.8,451,1.81,75,17.9,'Gaufre croustillante (fine ou sèche). nature ou sucrée. préemballée',5.18,0.83,37.6,13),
(HIBERNATE_SEQUENCE.nextval, 4.03,3.0225,25,2.0,75,0.1,'Courge doubeurre (butternut). pulpe. crue',1.0,0.01,2.2,19),
(HIBERNATE_SEQUENCE.nextval, 3.1,2.325,18,1.1,75,0.1,'Potimarron. pulpe. cru',0.63,0.074,0.0,19),
(HIBERNATE_SEQUENCE.nextval, 5.19,3.8925,33,2.9,75,0.28,'Potiron. appertisé. égoutté',0.93,0.31,3.3,19),
(HIBERNATE_SEQUENCE.nextval, 3.5,2.625,20,0.5,75,0.1,'Potiron. cru',1.0,0.0025,1.36,19),
(HIBERNATE_SEQUENCE.nextval, 4.5,3.375,26,2.0,75,0.07,'Potiron. cuit',0.81,0.01,3.1,19),
(HIBERNATE_SEQUENCE.nextval, 9.48,7.11,118,1.91,75,5.72,'Lasagnes ou cannelloni à la viande (bolognaise)',6.29,0.97,2.84,24),
(HIBERNATE_SEQUENCE.nextval, 21.3,15.975,126,0.28,75,3.01,'Riz au lait. rayon frais',3.34,0.13,12.9,29),
(HIBERNATE_SEQUENCE.nextval, 75.0,60.0,447,4.1,80,12.0,'Crackers de table au froment',7.75,1.5,0.4,21),
(HIBERNATE_SEQUENCE.nextval, 50.5,40.4,317,2.85,80,8.68,'Pain de mie brioché. préemballé',7.92,1.09,9.33,21),
(HIBERNATE_SEQUENCE.nextval, 12.2,9.76,85,1.59,80,2.7,'Pomme de terre. purée (aliment moyen)',2.15,0.25,1.76,27),
(HIBERNATE_SEQUENCE.nextval, 12.1,9.68,67,1.8,80,0.53,'Pomme de terre. purée à base de flocons. reconstituée avec lait demi-écrémé et eau. non salée',2.63,0.088,2.2,27),
(HIBERNATE_SEQUENCE.nextval, 10.2,8.16,98,1.47,80,5.18,'Pomme de terre. purée à base de flocons. reconstituée avec lait entier. matière grasse',1.92,0.56,1.68,27),
(HIBERNATE_SEQUENCE.nextval, 14.2,11.36,89,1.5,80,2.4,'Pomme de terre. purée. avec lait et beurre. non salée',1.89,0.11,1.41,27),
(HIBERNATE_SEQUENCE.nextval, 59.0,50.15,502,3.38,85,25.9,'Cookie aux pépites de chocolat',6.47,1.01,31.5,3),
(HIBERNATE_SEQUENCE.nextval, 59.7,50.745,417,12.8,85,12.3,'Pop-corn ou Maïs éclaté. à l air. non salé',10.5,0.02,0.87,3),
(HIBERNATE_SEQUENCE.nextval, 57.1,48.535,461,8.22,85,19.1,'Pop-corn ou Maïs éclaté. à l huile. salé',11.0,1.2,0.6,3),
(HIBERNATE_SEQUENCE.nextval, 75.9,64.515,352,2.5,85,0.82,'Farine de blé tendre ou froment T45 (pour pâtisserie)',9.06,0.098,4.5,10),
(HIBERNATE_SEQUENCE.nextval, 28.2,23.97,156,3.08,85,1.51,'Galette de sarrasin. nature. préemballée',5.95,1.32,1.08,13),
(HIBERNATE_SEQUENCE.nextval, 55.6,47.26,324,0.0,85,7.87,'Lait concentré sucré. entier',7.7,0.21,55.6,17),
(HIBERNATE_SEQUENCE.nextval, 2.6,2.21,19,2.8,85,0.1,'Carotte. cuite',0.55,0.051,2.51,19),
(HIBERNATE_SEQUENCE.nextval, 4.6,3.91,37,2.6,85,0.86,'Céleri-rave. cuit',1.3,0.15,2.8,19),
(HIBERNATE_SEQUENCE.nextval, 4.7,3.995,27,1.9,85,0.1,'Navet. pelé. cru',0.82,0.11,3.8,19),
(HIBERNATE_SEQUENCE.nextval, 46.1,39.185,251,2.48,85,3.58,'Pain de mie. sans croûte. préemballé',7.22,0.96,9.66,21),
(HIBERNATE_SEQUENCE.nextval, 66.4,56.44,394,7.0,85,8.0,'Pain grillé suédois au blé complet',10.5,1.53,2.0,21),
(HIBERNATE_SEQUENCE.nextval, 68.5,58.225,398,7.3,85,8.25,'Pain grillé suédois au froment',8.89,1.06,6.2,21),
(HIBERNATE_SEQUENCE.nextval, 78.1,66.385,353,1.5,85,1.0,'Riz. mélange de variétés (blanc. complet. rouge. sauvage. etc.). cru',7.14,0.025,0.5,22),
(HIBERNATE_SEQUENCE.nextval, 87.8,74.63,354,0.9,85,0.02,'Tapioca ou Perles du Japon. cru',0.19,0.0025,3.35,27),
(HIBERNATE_SEQUENCE.nextval, 52.0,46.8,263,2.6,90,2.0,'Pain courant français. 400g ou boule',7.9,1.33,0.0,21),
(HIBERNATE_SEQUENCE.nextval, 69.4,62.46,372,8.0,90,3.97,'Pomme de terre. flocons déshydratés. au lait ou à la crème',10.6,0.2,4.67,27),
(HIBERNATE_SEQUENCE.nextval, 76.1,68.49,361,10.3,90,0.46,'Pomme de terre. flocons déshydratés. nature',8.04,0.55,2.35,27),
(HIBERNATE_SEQUENCE.nextval, 73.9,70.205,355,3.3,95,2.5,'Farine de riz',7.62,0.13,0.9,10),
(HIBERNATE_SEQUENCE.nextval, 80.5,76.475,384,2.9,95,3.0,'Galette de riz soufflé complet',7.32,0.18,0.73,21),
(HIBERNATE_SEQUENCE.nextval, 21.9,20.805,213,2.89,95,12.1,'Pomme de terre sautée/poêlée à la graisse de canard',2.54,0.67,1.59,27),
(HIBERNATE_SEQUENCE.nextval, 18.5,17.575,89,2.2,95,0.13,'Pomme de terre. rôtie/cuite au four',2.5,0.025,1.18,27),
(HIBERNATE_SEQUENCE.nextval, 89.2,89.2,362,0.8,100,0.25,'Amidon de maïs ou fécule de maïs',0.43,0.019,0.0,10),
(HIBERNATE_SEQUENCE.nextval, 2.7,2.97,37,0.0,110,0.0,'Bière "coeur de marché" (4-5° alcool)',0.39,0.0047,0.0,1)
;
INSERT INTO PUBLIC.RECETTE(NAME, ID, COMMENT, ENERGY, CG, PROTEIN, CARB, LIPID, FIBRE, SUGAR, SALT) VALUES
('recetteName0' , 1,'commentaire0', 0, 0, 0, 0, 0, 0, 0, 0),
('recette1' , 2,'commentaire1', 1, 0, 0, 6, 0, 0, 0, 0)
;
INSERT INTO PUBLIC.PORTION(ID, QUANTITY, FK_IDALIMENT, FK_IDRECETTE) VALUES
(1, 100, 1, 1),
(2, 300, 2, 1),
(3, 20, 3, 2),
(4, 45, 4, 2)
;
